"record_id","person_id","journey_id","trip_num","mode","rr_role","depart_time","depart_min_of_day","depart_lon","depart_lat","dest_lon","dest_lat","o_county","d_county","peak_period","is_peak","survey_travtime","model_travtime"
1094870204,10948702,988,4,22,"rail_leg","17:30",1050,-75.2885123046458,40.0829515339353,-75.2582617306911,39.9505465618713,42091,42045,"pm_peak",TRUE,90,73.621258
1114230101,11142301,1182,1,22,"rail_leg","9:30",570,-75.3793856687375,39.8793852847628,-75.1466622121185,39.9478355374067,42045,42101,"off_peak",FALSE,90,98.431321
1114230103,11142301,1184,3,22,"rail_leg","18:30",1110,-75.1611907875754,39.9477574019743,-75.3793856687375,39.8793852847628,42101,42045,"pm_peak",TRUE,90,79.628151
1115690201,11156902,1207,1,22,"rail_leg","7:45",465,-75.1021904955652,40.1763831579957,-75.1896061471959,39.9540702600328,42091,42101,"am_peak",TRUE,70,58.011613
1115690202,11156902,1208,2,22,"rail_leg","16:45",1005,-75.1896061471959,39.9540702600328,-75.1612826317197,39.9532127364358,42101,42101,"pm_peak",TRUE,35,12.711605
1115690203,11156902,1209,3,22,"rail_leg","20:15",1215,-75.1612826317197,39.9532127364358,-75.1021904955652,40.1763831579957,42101,42091,"off_peak",FALSE,47,46.383333
1128800201,11288002,1366,1,22,"rail_leg","6:30",390,-75.3409244198258,40.1179073455375,-75.1505658415867,39.9464361327538,42091,42101,"am_peak",TRUE,75,63.852249
1128800202,11288002,1367,2,22,"rail_leg","16:45",1005,-75.1505658415867,39.9464361327538,-75.3409244198258,40.1179073455375,42101,42091,"pm_peak",TRUE,90,65.367516
3000980104,30009801,2619,4,22,"rail_leg","14:55",895,-75.1392788470332,40.0429484652339,-75.1588750233838,39.9528401835985,42101,42101,"off_peak",FALSE,14,24.926883
3000980105,30009801,2619,5,22,"rail_leg","15:28",928,-75.1588750233838,39.9528401835985,-75.3548774564537,39.9036369389223,42101,42045,"off_peak",FALSE,42,36.921641
3038880104,30388801,3278,4,22,"rail_leg","16:37",997,-75.1947508247048,40.0550864009275,-75.1648345113326,39.9541020155151,42101,42101,"pm_peak",TRUE,33,42.670002
3068390302,30683903,3753,2,22,"rail_leg","8:41",521,-75.2227705952579,40.1527379939727,-75.1545851492175,39.9813757258968,42091,42101,"am_peak",TRUE,23,39.996098
3068390304,30683903,3754,4,22,"rail_leg","19:30",1170,-75.1480260525691,39.9820906148628,-75.2227705952579,40.1527379939727,42101,42091,"off_peak",FALSE,40,36.536966
3125270202,31252702,4811,2,22,"rail_leg","11:28",688,-75.112010204855,40.0551558806353,-75.1834073455283,39.9599979498596,42091,42101,"off_peak",FALSE,31,46.191884
3151800102,31518001,5336,2,22,"rail_leg","17:30",1050,-75.2227705952579,40.1527379939727,-75.1704674139331,39.9548009865238,42091,42101,"pm_peak",TRUE,45,50.672966
3161510201,31615102,5431,1,22,"rail_leg","6:30",390,-75.1894072133033,40.0670899916203,-75.1648345113326,39.9541020155151,42101,42101,"am_peak",TRUE,40,40.553938
3185920104,31859201,5841,4,22,"rail_leg","16:35",995,-75.1625826795934,39.9513495936779,-75.1588750233838,39.9528401835985,42101,42101,"pm_peak",TRUE,10,7.666667
3212130101,32121301,6241,1,22,"rail_leg","6:30",390,-75.061570967779,40.1151744640308,-75.1687160134156,39.9558364756335,42091,42101,"am_peak",TRUE,45,43.381023
3212130102,32121301,6242,2,22,"rail_leg","16:47",1007,-75.1687160134156,39.9558364756335,-75.061570967779,40.1151744640308,42101,42091,"pm_peak",TRUE,29,41.369717
3271390101,32713901,7404,1,22,"rail_leg","6:05",365,-75.1161007447157,40.1433714101826,-75.1694605873533,39.9520071435649,42091,42101,"am_peak",TRUE,70,59.050805
3271630304,32716303,7428,4,22,"rail_leg","17:34",1054,-75.1648345113326,39.9541020155151,-75.3393886203709,40.0346462639254,42101,42045,"pm_peak",TRUE,26,33.295487
3282960102,32829601,7679,2,22,"rail_leg","8:27",507,-75.2344133789046,40.0088074073246,-75.1648345113326,39.9541020155151,42091,42101,"am_peak",TRUE,19,26.069263
3282960105,32829601,7680,5,22,"rail_leg","17:16",1036,-75.1677276497158,39.9525760413027,-75.1677276497158,39.9525760413027,42101,42101,"pm_peak",TRUE,20,3.527778
3285590201,32855902,7717,1,22,"rail_leg","7:00",420,-75.4182346685475,40.0646607683914,-75.1652507511981,39.9564326348413,42029,42101,"am_peak",TRUE,42,71.138005
3285590202,32855902,7718,2,22,"rail_leg","17:30",1050,-75.1652507511981,39.9564326348413,-75.4233197162045,40.0419674851349,42101,42029,"pm_peak",TRUE,0,44.695535
3301380302,33013803,7961,2,22,"rail_leg","7:25",445,-75.3285784262649,39.9077335323186,-75.1612826317197,39.9532127364358,42045,42101,"am_peak",TRUE,35,36.507748
3301380303,33013803,7961,3,22,"rail_leg","17:00",1020,-75.1612826317197,39.9532127364358,-75.1612826317197,39.9532127364358,42101,42101,"pm_peak",TRUE,45,4.127778
3364970201,33649702,9148,1,22,"rail_leg","7:30",450,-75.1898142834651,40.0518717143354,-75.1562910038297,39.9768159139408,42101,42101,"am_peak",TRUE,60,39.166338
3383780101,33837801,9470,1,22,"rail_leg","7:40",460,-75.1898142834651,40.0518717143354,-75.1941152941134,39.9546263068532,42101,42101,"am_peak",TRUE,45,36.485688
3383780103,33837801,9472,3,22,"rail_leg","17:40",1060,-75.1708705877199,39.9529581159317,-75.1898142834651,40.0518717143354,42101,42101,"pm_peak",TRUE,48,35.3169
3418210201,34182102,10014,1,22,"rail_leg","7:30",450,-75.3495216111157,39.8940079236362,-75.1545851492175,39.9813757258968,42045,42101,"am_peak",TRUE,65,61.294052
3418210202,34182102,10015,2,22,"rail_leg","16:30",990,-75.1545851492175,39.9813757258968,-75.3495216111157,39.8940079236362,42101,42045,"pm_peak",TRUE,40,59.874693
3431120102,34311201,10223,2,22,"rail_leg","8:20",500,-74.9063874745106,40.0959040743494,-75.1659426772114,39.9531940428398,42017,42101,"am_peak",TRUE,40,42.897435
3431120103,34311201,10223,3,22,"rail_leg","17:11",1031,-75.1659426772114,39.9531940428398,-74.9063874745106,40.0959040743494,42101,42017,"pm_peak",TRUE,39,39.253532
3444160104,34441601,10410,4,22,"rail_leg","10:57",657,-75.2087795541006,40.0727929276456,-75.1834073455283,39.9599979498596,42101,42101,"off_peak",FALSE,25,36.258583
3444160108,34441601,10413,8,22,"rail_leg","14:45",885,-75.1834073455283,39.9599979498596,-75.2087795541006,40.0727929276456,42101,42101,"off_peak",FALSE,32,36.117323
3485620201,34856202,11220,1,22,"rail_leg","8:00",480,-75.2087795541006,40.0727929276456,-75.1659426772114,39.9531940428398,42101,42101,"am_peak",TRUE,50,39.893614
3485620202,34856202,11221,2,22,"rail_leg","18:00",1080,-75.1659426772114,39.9531940428398,-75.2087795541006,40.0727929276456,42101,42101,"pm_peak",TRUE,50,37.770337
3494880102,34948801,11338,2,22,"rail_leg","4:37",277,-75.1297691436794,40.0713922682092,-75.1608290378846,39.9512565309348,42091,42101,"off_peak",FALSE,23,26.21249
3494880104,34948801,11339,4,22,"rail_leg","15:40",940,-75.1541388337345,39.9522458625874,-75.1297691436794,40.0713922682092,42101,42091,"off_peak",FALSE,20,25.106486
3501660102,35016601,11431,2,22,"rail_leg","14:35",875,-75.1648345113326,39.9541020155151,-75.1655206281913,39.9477143701067,42101,42101,"off_peak",FALSE,100,7.159904
3501660103,35016601,11432,3,22,"rail_leg","20:30",1230,-75.1655206281913,39.9477143701067,-75.1648345113326,39.9541020155151,42101,42101,"off_peak",FALSE,120,7.652922
3521040203,35210402,11693,3,22,"rail_leg","8:24",504,-75.1325211942729,40.0941668713503,-75.1648345113326,39.9541020155151,42091,42101,"am_peak",TRUE,28,34.780763
3521040208,35210402,11696,8,22,"rail_leg","17:51",1071,-75.1648345113326,39.9541020155151,-75.1325211942729,40.0941668713503,42101,42091,"pm_peak",TRUE,29,33.845095
3531220101,35312201,11880,1,22,"rail_leg","6:55",415,-75.4630660144789,40.0474160739304,-75.1779217463161,39.9533873770951,42029,42101,"am_peak",TRUE,55,45.65507
3531220102,35312201,11881,2,22,"rail_leg","17:25",1045,-75.1779217463161,39.9533873770951,-75.4630660144789,40.0474160739304,42101,42029,"pm_peak",TRUE,110,46.637494
3565060101,35650601,12536,1,22,"rail_leg","9:30",570,-75.1813387898497,40.0295103180276,-75.173930383129,39.954707841715,42101,42101,"off_peak",FALSE,60,30.031529
3568880102,35688801,12619,2,22,"rail_leg","9:16",556,-74.9853265543148,40.0477525065309,-75.1928742171467,39.9459041130135,42101,42101,"am_peak",TRUE,50,42.914459
3568880103,35688801,12619,3,14,"feeder_leg","11:45",705,-75.1928742171467,39.9459041130135,-75.1588750233838,39.9528401835985,42101,42101,"off_peak",FALSE,25,24.491364
3568880202,35688802,12623,2,22,"rail_leg","9:16",556,-74.9853265543148,40.0477525065309,-75.1928742171467,39.9459041130135,42101,42101,"am_peak",TRUE,48,42.914459
3568880203,35688802,12623,3,14,"feeder_leg","11:45",705,-75.1928742171467,39.9459041130135,-75.1588750233838,39.9528401835985,42101,42101,"off_peak",FALSE,25,24.491364
3574140203,35741402,12735,3,22,"rail_leg","6:58",418,-75.5182227312107,40.0361776802347,-75.1588750233838,39.9528401835985,42029,42101,"am_peak",TRUE,48,52.859265
3613500206,36135002,13374,6,22,"rail_leg","16:00",960,-75.1612826317197,39.9532127364358,-75.1612826317197,39.9532127364358,42101,42101,"pm_peak",TRUE,NA,4.127778
3634880201,36348802,13657,1,22,"rail_leg","8:05",485,-75.2784887557887,39.9397339356879,-75.1682068169821,39.957491721513,42045,42101,"am_peak",TRUE,NA,42.453796
3637010102,36370101,13716,2,22,"rail_leg","7:43",463,-75.4829079089365,40.0451966969818,-75.1834073455283,39.9599979498596,42029,42101,"am_peak",TRUE,42,37.682509
3664520104,36645201,14379,4,22,"rail_leg","16:40",1000,-75.4829079089365,40.0451966969818,-75.1588750233838,39.9528401835985,42029,42101,"pm_peak",TRUE,45,58.610662
3703190201,37031902,15178,1,22,"rail_leg","19:30",1170,-75.1268140035489,40.0819703941513,-75.1659426772114,39.9531940428398,42091,42101,"off_peak",FALSE,NA,47.055049
3772110201,37721102,16231,1,22,"rail_leg","7:18",438,-75.2997775853713,39.939031243255,-75.1632627264191,39.9610182840982,42045,42101,"am_peak",TRUE,42,54.401493
3772110202,37721102,16232,2,22,"rail_leg","16:45",1005,-75.1632627264191,39.9610182840982,-75.2997775853713,39.939031243255,42101,42045,"pm_peak",TRUE,45,47.925501
3775560104,37755601,16293,4,22,"rail_leg","12:35",755,-75.3170969015922,40.0208081125859,-75.263745391218,39.9965055434734,42091,42091,"off_peak",FALSE,5,24.140791
3782060202,37820602,16456,2,22,"rail_leg","8:30",510,-75.3195257705183,40.0049815590517,-75.1648345113326,39.9541020155151,42045,42101,"am_peak",TRUE,15,46.003463
3782060205,37820602,16457,5,22,"rail_leg","17:14",1034,-75.1634808483634,39.9480403151119,-75.1634808483634,39.9480403151119,42101,42101,"pm_peak",TRUE,26,3.958333
3797000102,37970001,16662,2,22,"rail_leg","16:45",1005,-75.1648345113326,39.9541020155151,-75.6982311138271,40.0135155865065,42101,42029,"pm_peak",TRUE,65,91.536477
3830520202,38305202,17383,2,22,"rail_leg","6:51",411,-75.1531176077862,40.0998645962702,-75.1648345113326,39.9541020155151,42091,42101,"am_peak",TRUE,151,35.407063
3862330102,38623301,17935,2,22,"rail_leg","16:30",990,-75.1517226930339,39.9485721389241,-74.9399477360023,40.1745544172025,42101,42017,"pm_peak",TRUE,450,78.696143
3884280202,38842802,18293,2,22,"rail_leg","6:19",379,-75.2823535717739,40.2437347422191,-75.1941152941134,39.9546263068532,42091,42101,"am_peak",TRUE,62,71.339909
3884280208,38842802,18297,8,22,"rail_leg","16:29",989,-75.1928742171467,39.9459041130135,-75.1834073455283,39.9599979498596,42101,42101,"pm_peak",TRUE,4,16.033201
3884280209,38842802,18297,9,22,"rail_leg","16:40",1000,-75.1834073455283,39.9599979498596,-75.2823535717739,40.2437347422191,42101,42091,"pm_peak",TRUE,54,66.594024
3891190102,38911901,18520,2,22,"rail_leg","7:50",470,-75.1944243101308,40.0409483586041,-75.1834073455283,39.9599979498596,42101,42101,"am_peak",TRUE,25,26.583157
3891190103,38911901,18520,3,14,"feeder_leg","8:30",510,-75.1834073455283,39.9599979498596,-75.202230610969,39.9458213862922,42101,42101,"am_peak",TRUE,5,20.048522
3891190104,38911901,18520,4,14,"feeder_leg","16:45",1005,-75.202230610969,39.9458213862922,-75.202230610969,39.9458213862922,42101,42101,"pm_peak",TRUE,20,7.672936
3891190105,38911901,18521,5,22,"rail_leg","17:21",1041,-75.202230610969,39.9458213862922,-75.202230610969,39.9458213862922,42101,42101,"pm_peak",TRUE,19,7.672936
3892120102,38921201,18523,2,22,"rail_leg","6:06",366,-75.1297691436794,40.0713922682092,-75.1588750233838,39.9528401835985,42091,42101,"am_peak",TRUE,18,25.77019
3892120103,38921201,18523,3,14,"feeder_leg","6:29",389,-75.1588750233838,39.9528401835985,-75.1466622121185,39.9478355374067,42101,42101,"am_peak",TRUE,10,11.803805
3892120104,38921201,18523,4,21,"feeder_leg","15:15",915,-75.1466622121185,39.9478355374067,-75.1588750233838,39.9528401835985,42101,42101,"off_peak",FALSE,10,12.634956
3892120105,38921201,18524,5,22,"rail_leg","15:35",935,-75.1588750233838,39.9528401835985,-75.1256172805438,40.0721167066709,42101,42091,"off_peak",FALSE,35,25.390223
3892120201,38921202,18530,1,22,"rail_leg","6:30",390,-75.1256172805438,40.0721167066709,-75.1691139313301,39.9535949564727,42091,42101,"am_peak",TRUE,33,37.730184
3892120202,38921202,18531,2,22,"rail_leg","17:00",1020,-75.1691139313301,39.9535949564727,-75.1256172805438,40.0721167066709,42101,42091,"pm_peak",TRUE,35,34.33498
3898250104,38982501,18688,4,22,"rail_leg","17:05",1025,-75.1588750233838,39.9528401835985,-75.1505658415867,39.9464361327538,42101,42101,"pm_peak",TRUE,70,14.243982
3947730201,39477302,19693,1,22,"rail_leg","7:00",420,-75.3005464116087,40.0904763752531,-75.1706866571216,39.953785415184,42091,42101,"am_peak",TRUE,50,70.058423
3947730202,39477302,19694,2,22,"rail_leg","17:05",1025,-75.1706866571216,39.953785415184,-75.3005464116087,40.0904763752531,42101,42091,"pm_peak",TRUE,65,69.131219
3952890102,39528901,19775,2,22,"rail_leg","7:15",435,-75.3862490558174,39.9062101361711,-75.1928742171467,39.9459041130135,42045,42101,"am_peak",TRUE,23,32.38735
3952890105,39528901,19776,5,22,"rail_leg","17:28",1048,-75.1928742171467,39.9459041130135,-75.3862490558174,39.9062101361711,42101,42045,"pm_peak",TRUE,25,32.963278
3956070101,39560701,19836,1,22,"rail_leg","7:30",450,-75.2473767570295,40.0956050286212,-75.1505658415867,39.9464361327538,42091,42101,"am_peak",TRUE,60,79.000509
3966570202,39665702,20014,2,22,"rail_leg","11:40",700,-75.0970591119887,40.1962393455377,-75.2318795104928,39.8804695206274,42017,42101,"off_peak",FALSE,80,110.429224
4004890302,40048903,20655,2,22,"rail_leg","8:06",486,-75.3460361638143,40.1143423687777,-75.1480260525691,39.9820906148628,42091,42101,"am_peak",TRUE,39,36.455461
4004890304,40048903,20655,4,22,"rail_leg","17:16",1036,-75.1446587384151,39.9502859178682,-75.2783533552924,39.9575793577259,42101,42045,"pm_peak",TRUE,44,37.642814
4012760103,40127601,20788,3,22,"rail_leg","7:46",466,-75.1947508247048,40.0550864009275,-75.1648345113326,39.9541020155151,42101,42101,"am_peak",TRUE,32,40.20071
4012760106,40127601,20789,6,22,"rail_leg","17:18",1038,-75.1648345113326,39.9541020155151,-75.1947508247048,40.0550864009275,42101,42101,"pm_peak",TRUE,32,37.838678
4012760203,40127602,20794,3,22,"rail_leg","7:42",462,-75.1947508247048,40.0550864009275,-75.1648345113326,39.9541020155151,42101,42101,"am_peak",TRUE,36,40.20071
4012760206,40127602,20795,6,22,"rail_leg","17:16",1036,-75.1648345113326,39.9541020155151,-75.1947508247048,40.0550864009275,42101,42101,"pm_peak",TRUE,34,37.838678
4013690102,40136901,20851,2,22,"rail_leg","8:06",486,-75.4630660144789,40.0474160739304,-75.1834073455283,39.9599979498596,42029,42101,"am_peak",TRUE,32,41.533301
4013690103,40136901,20851,3,14,"feeder_leg","8:40",520,-75.1834073455283,39.9599979498596,-75.1834073455283,39.9599979498596,42101,42101,"am_peak",TRUE,1,4.598742
4013690106,40136901,20852,6,21,"feeder_leg","16:01",961,-75.1906300416804,39.958024348983,-75.1834073455283,39.9599979498596,42101,42101,"pm_peak",TRUE,4,13.234685
4013690108,40136901,20852,8,22,"rail_leg","16:15",975,-75.1834073455283,39.9599979498596,-75.4630660144789,40.0474160739304,42101,42029,"pm_peak",TRUE,35,42.752855
4013690301,40136903,20866,1,22,"rail_leg","12:00",720,-75.4630660144789,40.0474160739304,-75.1906300416804,39.958024348983,42029,42101,"off_peak",FALSE,60,52.702052
4020640202,40206402,21027,2,22,"rail_leg","7:49",469,-75.1325211942729,40.0941668713503,-75.1928742171467,39.9459041130135,42091,42101,"am_peak",TRUE,33,48.660586
4020640205,40206402,21028,5,22,"rail_leg","17:13",1033,-75.1834073455283,39.9599979498596,-75.7773113001476,39.9924677984963,42101,42029,"pm_peak",TRUE,52,84.546441
4050800101,40508001,21622,1,22,"rail_leg","8:35",515,-75.1822218287983,40.0542278772892,-75.2100224563071,39.9560134286816,42101,42101,"am_peak",TRUE,10,53.723828
4050800104,40508001,21625,4,22,"rail_leg","16:35",995,-75.2100224563071,39.9560134286816,-75.1822218287983,40.0542278772892,42101,42101,"pm_peak",TRUE,40,58.729375
4056480101,40564801,21742,1,22,"rail_leg","7:20",440,-75.180637080064,39.9501303685435,-75.2994747363044,40.2251091301749,42101,42091,"am_peak",TRUE,90,93.493596
4056480102,40564801,21743,2,22,"rail_leg","18:00",1080,-75.2994747363044,40.2251091301749,-75.1611907875754,39.9477574019743,42091,42101,"pm_peak",TRUE,105,82.481336
4061050101,40610501,21772,1,22,"rail_leg","8:25",505,-75.1827055398227,40.0389450998406,-75.1545851492175,39.9813757258968,42101,42101,"am_peak",TRUE,51,34.286277
4061050104,40610501,21775,4,22,"rail_leg","15:15",915,-75.1545851492175,39.9813757258968,-75.1827055398227,40.0389450998406,42101,42101,"off_peak",FALSE,55,39.121714
4072680102,40726801,21995,2,22,"rail_leg","7:48",468,-75.1898142834651,40.0518717143354,-75.1834073455283,39.9599979498596,42101,42101,"am_peak",TRUE,21,28.394925
4072680105,40726801,21996,5,22,"rail_leg","17:24",1044,-75.1834073455283,39.9599979498596,-75.1898142834651,40.0518717143354,42101,42101,"pm_peak",TRUE,22,28.170533
4094470101,40944701,22361,1,22,"rail_leg","6:10",370,-75.3008610836775,39.9087719876414,-75.1917667584469,39.9649367058634,42045,42101,"am_peak",TRUE,NA,67.634854
4094470102,40944701,22362,2,22,"rail_leg","16:00",960,-75.1917667584469,39.9649367058634,-75.3008610836775,39.9087719876414,42101,42045,"pm_peak",TRUE,35,68.510736
4100840202,41008402,22442,2,22,"rail_leg","7:08",428,-75.1648345113326,39.9541020155151,-75.274466211559,40.2111841677703,42101,42091,"am_peak",TRUE,55,58.23792
4100840205,41008402,22444,5,22,"rail_leg","17:26",1046,-75.274466211559,40.2111841677703,-75.1648345113326,39.9541020155151,42091,42101,"pm_peak",TRUE,51,56.496517
4131100102,41311001,22922,2,22,"rail_leg","7:05",425,-75.1588750233838,39.9528401835985,-75.4829079089365,40.0451966969818,42101,42029,"am_peak",TRUE,57,49.482246
4131100105,41311001,22923,5,22,"rail_leg","17:40",1060,-75.4996994737956,40.0522494273571,-75.4996994737956,40.0522494273571,42029,42029,"pm_peak",TRUE,65,16.012285
4184310104,41843101,23864,4,22,"rail_leg","8:16",496,-75.1834073455283,39.9599979498596,-75.3045400928903,40.0162243322963,42101,42091,"am_peak",TRUE,24,31.975394
4184310106,41843101,23865,6,22,"rail_leg","16:55",1015,-75.3195257705183,40.0049815590517,-75.1834073455283,39.9599979498596,42045,42101,"pm_peak",TRUE,20,47.441317
4195770402,41957704,24072,2,21,"feeder_leg","14:40",880,-74.9853265543148,40.0477525065309,-75.1612826317197,39.9532127364358,42101,42101,"off_peak",FALSE,20,52.235668
4195770403,41957704,24072,3,22,"rail_leg","20:05",1205,-75.1612826317197,39.9532127364358,-75.1612826317197,39.9532127364358,42101,42101,"off_peak",FALSE,30,4.127778
4218280102,42182801,24369,2,22,"rail_leg","16:30",990,-75.1619465866814,40.0435075759518,-74.9919645563739,40.0557019160434,42101,42101,"pm_peak",TRUE,105,58.376659
4218280202,42182802,24373,2,22,"rail_leg","16:45",1005,-75.2239722514315,39.9735103886618,-75.1571977835929,40.0823045185899,42101,42091,"pm_peak",TRUE,195,68.114512
4222850102,42228501,24496,2,22,"rail_leg","7:10",430,-75.1531176077862,40.0998645962702,-75.1612826317197,39.9532127364358,42091,42101,"am_peak",TRUE,35,32.722228
4222850103,42228501,24496,3,22,"rail_leg","17:00",1020,-75.1612826317197,39.9532127364358,-75.1470888942105,40.1018399351912,42101,42091,"pm_peak",TRUE,45,40.670869
4238580101,42385801,24804,1,22,"rail_leg","6:45",405,-74.9200693290363,40.2495112723629,-75.1470807570054,39.9513767444736,42017,42101,"am_peak",TRUE,NA,164.461647
4257160402,42571604,25190,2,22,"rail_leg","10:26",626,-75.6088161729411,40.0119718537478,-75.3686666885444,40.0437004752317,42029,42045,"off_peak",FALSE,22,61.993799
4257160404,42571604,25191,4,22,"rail_leg","22:48",1368,-75.3756545846891,40.0397732711601,-75.6337083421153,40.0217938558134,42045,42029,"off_peak",FALSE,22,48.866667
4265560201,42655602,25346,1,22,"rail_leg","7:30",450,-75.1960123668417,40.1175958626256,-75.1840170635385,39.9534784074457,42091,42101,"am_peak",TRUE,45,56.513476
4265560202,42655602,25347,2,22,"rail_leg","17:00",1020,-75.1840170635385,39.9534784074457,-75.1960123668417,40.1175958626256,42101,42091,"pm_peak",TRUE,420,59.002455
4274300202,42743002,25455,2,22,"rail_leg","5:45",345,-75.3195257705183,40.0049815590517,-75.1572994746159,39.95264251715,42045,42101,"off_peak",FALSE,26,47.679946
4274300205,42743002,25456,5,22,"rail_leg","15:39",939,-75.1550139436622,39.9445812882334,-75.1550139436622,39.9445812882334,42101,42101,"off_peak",FALSE,43,4.963316
4326800101,43268001,26414,1,22,"rail_leg","9:00",540,-75.32300735391,39.8834623757826,-75.1634808483634,39.9480403151119,42045,42101,"am_peak",TRUE,57,44.128499
4326800104,43268001,26417,4,22,"rail_leg","17:45",1065,-75.1634808483634,39.9480403151119,-75.32300735391,39.8834623757826,42101,42045,"pm_peak",TRUE,57,41.609277
4342350303,43423503,26742,3,22,"rail_leg","17:58",1078,-75.1648345113326,39.9541020155151,-75.1840657845611,40.0625876496449,42101,42101,"pm_peak",TRUE,27,29.301735
4343900104,43439001,26760,4,22,"rail_leg","17:11",1031,-75.1648345113326,39.9541020155151,-75.1701604201666,39.9562259742499,42101,42101,"pm_peak",TRUE,29,6.655389
4432040101,44320401,28012,1,22,"rail_leg","5:45",345,-75.4146997575914,39.8197080832525,-75.1638872349499,39.9525548857932,42045,42101,"off_peak",FALSE,45,47.853215
4433830102,44338301,28041,2,22,"rail_leg","6:10",370,-75.0108885726665,40.1294791274976,-75.1588750233838,39.9528401835985,42101,42101,"am_peak",TRUE,36,41.906429
4438760102,44387601,28191,2,22,"rail_leg","8:12",492,-75.0826616926931,40.0770283629367,-75.1648345113326,39.9541020155151,42101,42101,"am_peak",TRUE,39,39.079056
4438760105,44387601,28192,5,22,"rail_leg","17:37",1057,-75.1648345113326,39.9541020155151,-75.1701604201666,39.9562259742499,42101,42101,"pm_peak",TRUE,13,6.655389
4438760202,44387602,28194,2,22,"rail_leg","6:17",377,-75.0826616926931,40.0770283629367,-75.1588750233838,39.9528401835985,42101,42101,"am_peak",TRUE,26,33.451919
4525240102,45252401,29572,2,22,"rail_leg","7:49",469,-75.024985845551,40.0240077180509,-75.1588750233838,39.9528401835985,42101,42101,"am_peak",TRUE,26,35.196632
4525240108,45252401,29576,8,22,"rail_leg","18:14",1094,-75.1588750233838,39.9528401835985,-75.024985845551,40.0240077180509,42101,42101,"pm_peak",TRUE,30,33.194113
4525240202,45252402,29578,2,22,"rail_leg","7:49",469,-75.024985845551,40.0240077180509,-75.1834073455283,39.9599979498596,42101,42101,"am_peak",TRUE,18,26.723519
4525240205,45252402,29579,5,22,"rail_leg","16:25",985,-75.1834073455283,39.9599979498596,-75.024985845551,40.0240077180509,42101,42101,"pm_peak",TRUE,24,25.839392
4539000101,45390001,29825,1,22,"rail_leg","6:30",390,-75.264024817629,40.0095105446103,-75.1580149724927,39.9493530835764,42091,42101,"am_peak",TRUE,20,41.610237
4539000106,45390001,29830,6,22,"rail_leg","17:00",1020,-75.1580149724927,39.9493530835764,-75.264024817629,40.0095105446103,42101,42091,"pm_peak",TRUE,30,43.050427
4543270101,45432701,29922,1,22,"rail_leg","6:15",375,-75.1063906606918,40.0675372749466,-75.1550139436622,39.9445812882334,42091,42101,"am_peak",TRUE,55,53.876913
4543270106,45432701,29927,6,22,"rail_leg","14:00",840,-75.1550139436622,39.9445812882334,-75.1928742171467,39.9459041130135,42101,42101,"off_peak",FALSE,45,29.124184
4543270107,45432701,29928,7,22,"rail_leg","16:17",977,-75.1928742171467,39.9459041130135,-75.1063906606918,40.0675372749466,42101,42091,"pm_peak",TRUE,63,59.159629
4589620101,45896201,30666,1,22,"rail_leg","13:00",780,-75.2087795541006,40.0727929276456,-75.1572994746159,39.95264251715,42101,42101,"off_peak",FALSE,90,34.289175
4604430202,46044302,30929,2,22,"rail_leg","7:00",420,-75.0970591119887,40.1962393455377,-75.1710325749335,39.9522008993665,42017,42101,"am_peak",TRUE,75,62.869458
4604430204,46044302,30930,4,22,"rail_leg","14:35",875,-75.1648345113326,39.9541020155151,-75.0970591119887,40.1962393455377,42101,42017,"off_peak",FALSE,50,56.166667
4617410202,46174102,31146,2,22,"rail_leg","6:35",395,-75.5182227312107,40.0361776802347,-75.1691139313301,39.9535949564727,42029,42101,"am_peak",TRUE,55,48.505797
4617410205,46174102,31148,5,22,"rail_leg","16:36",996,-75.1691139313301,39.9535949564727,-75.1648345113326,39.9541020155151,42101,42101,"pm_peak",TRUE,74,6.673416
4625730202,46257302,31274,2,22,"rail_leg","10:33",633,-75.1583891414117,40.0192666370153,-75.2227705952579,40.1527379939727,42101,42091,"off_peak",FALSE,27,32.277034
4625730205,46257302,31277,5,22,"rail_leg","17:40",1060,-75.2227705952579,40.1527379939727,-75.1583891414117,40.0192666370153,42091,42101,"pm_peak",TRUE,25,32.850174
4627660101,46276601,31301,1,22,"rail_leg","7:45",465,-75.1689771799637,39.9467826108977,-75.3170969015922,40.0208081125859,42101,42091,"am_peak",TRUE,60,42.529164
4627660102,46276601,31302,2,22,"rail_leg","14:50",890,-75.3170969015922,40.0208081125859,-75.1689771799637,39.9467826108977,42091,42101,"off_peak",FALSE,550,47.876665
4646600101,46466001,31645,1,22,"rail_leg","7:30",450,-75.6045986594792,39.9672377723841,-75.1541388337345,39.9522458625874,42029,42101,"am_peak",TRUE,NA,93.886025
4646600102,46466001,31646,2,22,"rail_leg","17:00",1020,-75.1541388337345,39.9522458625874,-75.6045986594792,39.9672377723841,42101,42029,"pm_peak",TRUE,63,92.381138
4670530101,46705301,32012,1,22,"rail_leg","10:30",630,-75.1687160134156,39.9558364756335,-75.1539262084391,39.9844115630897,42101,42101,"off_peak",FALSE,20,24.380537
4670530104,46705301,32014,4,22,"rail_leg","18:35",1115,-75.1539262084391,39.9844115630897,-75.1687160134156,39.9558364756335,42101,42101,"pm_peak",TRUE,15,23.36428
4671650102,46716501,32041,2,22,"rail_leg","7:27",447,-75.4829079089365,40.0451966969818,-75.1648345113326,39.9541020155151,42029,42101,"am_peak",TRUE,41,42.427505
4671650107,46716501,32044,7,22,"rail_leg","17:08",1028,-75.1662257986882,39.9519342771783,-75.1638872349499,39.9525548857932,42101,42101,"pm_peak",TRUE,26,4.45
4723780302,47237803,33176,2,22,"rail_leg","15:15",915,-75.2232933759479,39.9448265734297,-75.1543285653421,39.912135860101,42101,42101,"off_peak",FALSE,15,43.264752
4723780303,47237803,33177,3,22,"rail_leg","16:30",990,-75.1543285653421,39.912135860101,-75.2351116826331,39.934447396763,42101,42101,"pm_peak",TRUE,30,33.186592
4723780402,47237804,33180,2,22,"rail_leg","15:00",900,-75.226838106978,39.9419345979354,-75.1858598621043,39.9165483287187,42101,42101,"off_peak",FALSE,60,29.541556
4723780403,47237804,33181,3,22,"rail_leg","19:00",1140,-75.1858598621043,39.9165483287187,-75.2351116826331,39.934447396763,42101,42101,"off_peak",FALSE,60,22.648347
4732510302,47325103,33370,2,22,"rail_leg","6:41",401,-74.8976831541036,40.1863154165969,-75.1648345113326,39.9541020155151,42017,42101,"am_peak",TRUE,50,64.126648
4732510305,47325103,33371,5,22,"rail_leg","17:39",1059,-75.1706866571216,39.953785415184,-75.1706866571216,39.953785415184,42101,42101,"pm_peak",TRUE,50,3.23304
4749130102,47491301,33616,2,22,"rail_leg","7:47",467,-75.2227705952579,40.1527379939727,-75.1588750233838,39.9528401835985,42091,42101,"am_peak",TRUE,31,40.607079
4749130110,47491301,33621,10,22,"rail_leg","21:55",1315,-75.1588750233838,39.9528401835985,-75.2432307347085,40.1697612664544,42101,42091,"off_peak",FALSE,37,40.403546
4749130302,47491303,33629,2,22,"rail_leg","15:02",902,-75.2432307347085,40.1697612664544,-75.2610376834135,40.1872915522603,42091,42091,"off_peak",FALSE,3,5.5
4760500102,47605001,33771,2,22,"rail_leg","17:25",1045,-75.1677276497158,39.9525760413027,-75.1851044302225,40.0817417999993,42101,42091,"pm_peak",TRUE,60,53.085221
4760500103,47605001,33772,3,22,"rail_leg","19:55",1195,-75.1851044302225,40.0817417999993,-75.175827602964,39.9495803344789,42091,42101,"off_peak",FALSE,63,66.874575
4816200103,48162001,34958,3,22,"rail_leg","8:33",513,-75.2092872712104,40.0181516385401,-75.1588750233838,39.9528401835985,42101,42101,"am_peak",TRUE,17,21.96886
4816200104,48162001,34958,4,22,"rail_leg","8:53",533,-75.1588750233838,39.9528401835985,-75.1584725274299,39.950967187359,42101,42101,"am_peak",TRUE,0,5.25
4816200105,48162001,34958,5,21,"feeder_leg","8:58",538,-75.1584725274299,39.950967187359,-75.150623776162,39.9499928305521,42101,42101,"am_peak",TRUE,0,6.347995
4816200106,48162001,34958,6,14,"feeder_leg","16:15",975,-75.150623776162,39.9499928305521,-75.1588750233838,39.9528401835985,42101,42101,"pm_peak",TRUE,15,9.069824
4816200107,48162001,34959,7,22,"rail_leg","16:50",1010,-75.1588750233838,39.9528401835985,-75.2092872712104,40.0181516385401,42101,42101,"pm_peak",TRUE,0,20.448174
4829560103,48295601,35208,3,22,"rail_leg","10:30",630,-75.3852282333979,39.8947898143957,-75.1669894744938,39.9484799410289,42045,42101,"off_peak",FALSE,90,67.283333
4829560104,48295601,35209,4,22,"rail_leg","14:00",840,-75.1669894744938,39.9484799410289,-75.3852282333979,39.8947898143957,42101,42045,"off_peak",FALSE,90,67.074783
4830540102,48305401,35279,2,22,"rail_leg","5:26",326,-75.1660693164429,40.3113817259184,-75.1722789942054,39.9539778646615,42017,42101,"off_peak",FALSE,94,102.701394
4830540104,48305401,35280,4,22,"rail_leg","16:15",975,-75.1648345113326,39.9541020155151,-75.1722789942054,39.9539778646615,42101,42101,"pm_peak",TRUE,80,5.330397
4832100202,48321002,35322,2,22,"rail_leg","7:08",428,-75.6088161729411,40.0119718537478,-75.1722093187508,39.9861472659912,42029,42101,"am_peak",TRUE,57,117.466305
4864450202,48644502,36084,2,22,"rail_leg","6:55",415,-75.7773113001476,39.9924677984963,-75.1691139313301,39.9535949564727,42029,42101,"am_peak",TRUE,50,87.25591
4864450203,48644502,36084,3,22,"rail_leg","17:00",1020,-75.1691139313301,39.9535949564727,-75.1691139313301,39.9535949564727,42101,42101,"pm_peak",TRUE,65,3.375
4868350201,48683502,36180,1,22,"rail_leg","7:50",470,-75.1947508247048,40.0550864009275,-75.1665214095376,39.9615526212186,42101,42101,"am_peak",TRUE,30,45.144616
4868350202,48683502,36181,2,22,"rail_leg","17:20",1040,-75.1665214095376,39.9615526212186,-75.1947508247048,40.0550864009275,42101,42101,"pm_peak",TRUE,40,48.824684
4887310102,48873101,36646,2,22,"rail_leg","6:23",383,-74.970687244567,40.1423429432466,-75.1648345113326,39.9541020155151,42017,42101,"am_peak",TRUE,46,52.995066
4887310105,48873101,36647,5,22,"rail_leg","16:48",1008,-75.1705068930163,39.9509065904554,-75.1705068930163,39.9509065904554,42101,42101,"pm_peak",TRUE,42,3.905556
4925520403,49255204,37504,3,22,"rail_leg","15:31",931,-75.1648345113326,39.9541020155151,-75.1873495829861,40.0339940755705,42101,42101,"off_peak",FALSE,20,28.293557
4934700103,49347001,37666,3,22,"rail_leg","7:55",475,-75.3548774564537,39.9036369389223,-75.1648345113326,39.9541020155151,42045,42101,"am_peak",TRUE,31,33.270519
4940770201,49407702,37775,1,22,"rail_leg","8:00",480,-75.2963731187561,39.8881445622113,-75.1752524766747,39.9659654913561,42045,42101,"am_peak",TRUE,60,58.579515
4940770207,49407702,37781,7,22,"rail_leg","18:08",1088,-75.1648345113326,39.9541020155151,-75.3010847747829,39.8935220159703,42101,42045,"pm_peak",TRUE,23,26.650226
4940770302,49407703,37784,2,22,"rail_leg","17:00",1020,-74.9919645563739,40.0557019160434,-75.2963731187561,39.8881445622113,42101,42045,"pm_peak",TRUE,80,76.778881
4942710204,49427102,37808,4,22,"rail_leg","7:15",435,-75.1830863919108,40.1070307624765,-75.1648345113326,39.9541020155151,42091,42101,"am_peak",TRUE,27,57.597874
4970310202,49703102,38287,2,22,"rail_leg","6:35",395,-75.2823535717739,40.2437347422191,-75.0970997143657,40.0327180482812,42091,42101,"am_peak",TRUE,55,78.706659
4970310203,49703102,38287,3,22,"rail_leg","11:30",690,-75.0970997143657,40.0327180482812,-75.274466211559,40.2111841677703,42101,42091,"off_peak",FALSE,45,71.476652
4971340102,49713401,38337,2,22,"rail_leg","18:43",1123,-75.3686666885444,40.0437004752317,-75.4829079089365,40.0451966969818,42045,42029,"pm_peak",TRUE,19,21.118173
4996200202,49962002,38711,2,22,"rail_leg","7:03",423,-75.3393898477744,40.011683172831,-75.1659426772114,39.9531940428398,42045,42101,"am_peak",TRUE,27,58.057687
4996200203,49962002,38712,3,22,"rail_leg","17:00",1020,-75.1659426772114,39.9531940428398,-75.4829079089365,40.0451966969818,42101,42029,"pm_peak",TRUE,38,45.804768
5023060101,50230601,39183,1,22,"rail_leg","8:30",510,-75.1833908620653,39.9475606076449,-75.1261412370567,40.3135957992813,42101,42017,"am_peak",TRUE,140,124.693296
5028430201,50284302,39264,1,22,"rail_leg","6:40",400,-75.1936158015564,40.0213231298423,-75.1612826317197,39.9532127364358,42101,42101,"am_peak",TRUE,35,40.669437
5028430203,50284302,39266,3,22,"rail_leg","17:45",1065,-75.1665551812863,39.9452085642469,-75.1936158015564,40.0213231298423,42101,42101,"pm_peak",TRUE,45,52.204469
5035620502,50356205,39449,2,22,"rail_leg","11:00",660,-75.4829079089365,40.0451966969818,-75.1840170635385,39.9534784074457,42029,42101,"off_peak",FALSE,60,47.078766
5040140102,50401401,39470,2,22,"rail_leg","8:13",493,-75.3854291498663,40.0396308610676,-75.1687160134156,39.9558364756335,42045,42101,"am_peak",TRUE,32,48.197569
5040140104,50401401,39471,4,22,"rail_leg","17:05",1025,-75.1638872349499,39.9525548857932,-75.42025058575,40.0287282649711,42101,42029,"pm_peak",TRUE,45,69.107503
5040390101,50403901,39480,1,22,"rail_leg","6:45",405,-75.2020994755601,40.077187821998,-75.1662257986882,39.9519342771783,42101,42101,"am_peak",TRUE,45,41.326165
5040390102,50403901,39481,2,22,"rail_leg","18:10",1090,-75.1662257986882,39.9519342771783,-75.2020994755601,40.077187821998,42101,42101,"pm_peak",TRUE,50,38.531193
5046350202,50463502,39642,2,22,"rail_leg","6:18",378,-75.3548774564537,39.9036369389223,-75.1834073455283,39.9599979498596,42045,42101,"am_peak",TRUE,32,29.40979
5046350207,50463502,39643,7,22,"rail_leg","18:25",1105,-75.1834073455283,39.9599979498596,-75.3475957675981,39.9012278289218,42101,42045,"pm_peak",TRUE,25,32.52171
5048230201,50482302,39705,1,22,"rail_leg","8:30",510,-75.196250582134,40.0845531865234,-75.1652643007328,39.9488899960486,42091,42101,"am_peak",TRUE,45,58.854566
5048230202,50482302,39706,2,22,"rail_leg","17:40",1060,-75.1652643007328,39.9488899960486,-75.196250582134,40.0845531865234,42101,42091,"pm_peak",TRUE,75,52.670713
5048570101,50485701,39722,1,22,"rail_leg","5:00",300,-74.9853265543148,40.0477525065309,-75.1630657978927,39.949981511781,42101,42101,"off_peak",FALSE,225,43.717357
5048570103,50485701,39724,3,22,"rail_leg","18:00",1080,-74.971722014007,40.068261230225,-74.9853265543148,40.0477525065309,42017,42101,"pm_peak",TRUE,80,23.629175
5090530101,50905301,40304,1,22,"rail_leg","8:07",487,-75.1595117962634,39.9367714452714,-75.3170969015922,40.0208081125859,42101,42091,"am_peak",TRUE,31,53.52039
5090530104,50905301,40307,4,22,"rail_leg","17:25",1045,-75.3170969015922,40.0208081125859,-75.1588750233838,39.9528401835985,42091,42101,"pm_peak",TRUE,30,44.399699
5101750101,51017501,40521,1,22,"rail_leg","8:00",480,-74.8931888156492,40.1226963892805,-75.1691139313301,39.9535949564727,42017,42101,"am_peak",TRUE,60,103.984149
5103110101,51031101,40607,1,22,"rail_leg","7:15",435,-75.3417017450501,39.9005076012879,-75.1742868895805,39.952935291834,42045,42101,"am_peak",TRUE,45,47.774367
5103110102,51031101,40608,2,22,"rail_leg","17:20",1040,-75.1742868895805,39.952935291834,-75.3417017450501,39.9005076012879,42101,42045,"pm_peak",TRUE,45,46.150461
5105180101,51051801,40636,1,22,"rail_leg","8:00",480,-75.1685656145409,39.9486706858777,-75.3045400928903,40.0162243322963,42101,42091,"am_peak",TRUE,42,42.290696
5105180102,51051801,40637,2,22,"rail_leg","17:45",1065,-75.3045400928903,40.0162243322963,-75.1705068930163,39.9509065904554,42091,42101,"pm_peak",TRUE,45,44.435303
5111180202,51111802,40680,2,22,"rail_leg","5:20",320,-75.0507457532838,40.1204447180279,-75.1840170635385,39.9534784074457,42091,42101,"off_peak",FALSE,60,50.390888
5111180203,51111802,40681,3,22,"rail_leg","15:45",945,-75.1840170635385,39.9534784074457,-75.1840170635385,39.9534784074457,42101,42101,"off_peak",FALSE,85,6.982919
5119280201,51192802,40858,1,22,"rail_leg","6:20",380,-75.3385333435585,39.9979570494413,-75.600181420384,40.0334436556146,42045,42029,"am_peak",TRUE,NA,NA
5119280202,51192802,40859,2,22,"rail_leg","18:00",1080,-75.600181420384,40.0334436556146,-75.3385333435585,39.9979570494413,42029,42045,"pm_peak",TRUE,60,NA
5122980102,51229801,40969,2,22,"rail_leg","7:08",428,-75.3967642023521,39.912580844843,-75.1541388337345,39.9522458625874,42045,42101,"am_peak",TRUE,38,48.767596
5122980105,51229801,40970,5,22,"rail_leg","9:34",574,-75.1572994746159,39.95264251715,-75.3862490558174,39.9062101361711,42101,42045,"off_peak",FALSE,37,40.803611
5127700101,51277001,41022,1,22,"rail_leg","7:00",420,-75.2925201496869,39.9202228863396,-75.1588750233838,39.9528401835985,42045,42101,"am_peak",TRUE,55,36.15068
5127700202,51277002,41026,2,22,"rail_leg","19:00",1140,-75.1588750233838,39.9528401835985,-75.2844606971503,39.9242462649883,42101,42045,"off_peak",FALSE,85,28.25
5129480207,51294802,41074,7,22,"rail_leg","11:16",676,-75.3490077338315,40.0452635767863,-75.1588750233838,39.9528401835985,42045,42101,"off_peak",FALSE,39,49.544105
5129480213,51294802,41078,13,22,"rail_leg","15:45",945,-75.1588750233838,39.9528401835985,-75.3490077338315,40.0452635767863,42101,42045,"off_peak",FALSE,32,39.126898
5171340102,51713401,41724,2,22,"rail_leg","6:54",414,-75.214650332805,40.1349579453564,-75.1648345113326,39.9541020155151,42091,42101,"am_peak",TRUE,36,42.869745
5171340105,51713401,41725,5,22,"rail_leg","16:40",1000,-75.1648345113326,39.9541020155151,-75.214650332805,40.1349579453564,42101,42091,"pm_peak",TRUE,35,40.629544
5174730101,51747301,41734,1,22,"rail_leg","8:55",535,-75.3843009215246,39.9156678477591,-75.1704674139331,39.9548009865238,42045,42101,"am_peak",TRUE,60,43.501685
5174730105,51747301,41738,5,22,"rail_leg","16:54",1014,-75.1648345113326,39.9541020155151,-75.3862490558174,39.9062101361711,42101,42045,"pm_peak",TRUE,31,36.357943
5198430103,51984301,42211,3,22,"rail_leg","7:39",459,-75.1531176077862,40.0998645962702,-75.1588750233838,39.9528401835985,42091,42101,"am_peak",TRUE,26,30.091828
5210970201,52109702,42409,1,22,"rail_leg","8:44",524,-75.2533849746111,39.9972621864517,-75.1648345113326,39.9541020155151,42091,42101,"am_peak",TRUE,24,21.280945
5210970206,52109702,42413,6,22,"rail_leg","16:41",1001,-75.1715947626354,39.9429517013451,-75.2621066880574,40.0038368776237,42101,42091,"pm_peak",TRUE,27,41.840478
5243500101,52435001,43039,1,22,"rail_leg","8:48",528,-75.2306181788506,40.0331480094283,-75.1562910038297,39.9768159139408,42101,42101,"am_peak",TRUE,42,30.020858
5243500102,52435001,43040,2,22,"rail_leg","11:39",699,-75.1562910038297,39.9768159139408,-75.2306181788506,40.0331480094283,42101,42101,"off_peak",FALSE,42,31.954863
5243500201,52435002,43044,1,22,"rail_leg","9:18",558,-75.2306181788506,40.0331480094283,-75.1562910038297,39.9768159139408,42101,42101,"am_peak",TRUE,33,30.020858
5243500202,52435002,43045,2,22,"rail_leg","21:51",1311,-75.1562910038297,39.9768159139408,-75.2306181788506,40.0331480094283,42101,42101,"off_peak",FALSE,36,31.716667
5247550203,52475502,43107,3,22,"rail_leg","7:30",450,-74.9853265543148,40.0477525065309,-75.1638872349499,39.9525548857932,42101,42101,"am_peak",TRUE,30,38.855257
5247550205,52475502,43108,5,22,"rail_leg","16:55",1015,-75.1588750233838,39.9528401835985,-75.0798260530761,40.0248633027149,42101,42101,"pm_peak",TRUE,25,31.790295
5257730101,52577301,43201,1,22,"rail_leg","7:00",420,-75.3329867932292,40.2272389657107,-75.1553089348274,40.0036904586044,42091,42101,"am_peak",TRUE,60,NA
5257730102,52577301,43202,2,22,"rail_leg","15:00",900,-75.1553089348274,40.0036904586044,-75.3329867932292,40.2272389657107,42101,42091,"off_peak",FALSE,60,NA
5278380203,52783802,43502,3,22,"rail_leg","16:00",960,-75.1612826317197,39.9532127364358,-75.1612826317197,39.9532127364358,42101,42101,"pm_peak",TRUE,60,4.127778
5278480104,52784801,43506,4,14,"feeder_leg","14:10",850,-75.1392788470332,40.0429484652339,-75.1381304513604,40.0251658128621,42101,42101,"off_peak",FALSE,0,11.765591
5278790102,52787901,43516,2,22,"rail_leg","7:51",471,-75.1297691436794,40.0713922682092,-75.1545851492175,39.9813757258968,42091,42101,"am_peak",TRUE,19,23.11768
5278790104,52787901,43517,4,22,"rail_leg","17:32",1052,-75.1480260525691,39.9820906148628,-75.1297691436794,40.0713922682092,42101,42091,"pm_peak",TRUE,18,18.801258
5294130103,52941301,43770,3,22,"rail_leg","7:25",445,-75.3170969015922,40.0208081125859,-75.1648345113326,39.9541020155151,42091,42101,"am_peak",TRUE,25,27.304952
5315960101,53159601,43940,1,22,"rail_leg","6:30",390,-74.887284717431,40.1994272915791,-75.1580149724927,39.9493530835764,42017,42101,"am_peak",TRUE,65,71.943323
5354930107,53549301,44089,7,22,"rail_leg","16:41",1001,-75.1648345113326,39.9541020155151,-75.1648345113326,39.9541020155151,42101,42101,"pm_peak",TRUE,29,4.017397
5444280104,54442801,44197,4,22,"rail_leg","13:25",805,-75.1588750233838,39.9528401835985,-75.2318795104928,39.8804695206274,42101,42101,"off_peak",FALSE,33,35.250459
5549720201,55497202,44418,1,22,"rail_leg","7:15",435,-75.2240469261417,40.0283746179593,-75.177201361549,39.9550054347417,42101,42101,"am_peak",TRUE,30,28.623512
5549720202,55497202,44419,2,22,"rail_leg","17:00",1020,-75.177201361549,39.9550054347417,-75.2240469261417,40.0283746179593,42101,42101,"pm_peak",TRUE,45,19.786963
5645340205,56453402,44565,5,22,"rail_leg","16:40",1000,-75.1588750233838,39.9528401835985,-75.1898605144712,40.0114702178942,42101,42101,"pm_peak",TRUE,13,16.924779
5666250104,56662501,44619,4,22,"rail_leg","13:00",780,-75.3195257705183,40.0049815590517,-75.1648345113326,39.9541020155151,42045,42101,"off_peak",FALSE,20,45.984543
5666250107,56662501,44620,7,22,"rail_leg","14:15",855,-75.1648345113326,39.9541020155151,-75.3195257705183,40.0049815590517,42101,42045,"off_peak",FALSE,30,43.69728
5679850201,56798502,44676,1,22,"rail_leg","8:15",495,-75.2791809847499,39.9347542142195,-75.1638872349499,39.9525548857932,42045,42101,"am_peak",TRUE,25,30.734642
5679850202,56798502,44677,2,22,"rail_leg","17:05",1025,-75.1638872349499,39.9525548857932,-75.2791809847499,39.9347542142195,42101,42045,"pm_peak",TRUE,25,25.345046
5757350102,57573501,44839,2,22,"rail_leg","8:01",481,-75.1834073455283,39.9599979498596,-74.9187940367774,40.0802503935485,42101,42017,"am_peak",TRUE,31,49.149659
5757350105,57573501,44840,5,22,"rail_leg","17:28",1048,-74.9063874745106,40.0959040743494,-74.9187940367774,40.0802503935485,42017,42017,"pm_peak",TRUE,30,19.366667
5759930102,57599301,44852,2,22,"rail_leg","5:48",348,-75.3285784262649,39.9077335323186,-75.1588750233838,39.9528401835985,42045,42101,"off_peak",FALSE,37,38.75
5759930106,57599301,44854,6,21,"feeder_leg","17:08",1028,-75.1414393682529,39.9601471054741,-75.1648345113326,39.9541020155151,42101,42101,"pm_peak",TRUE,4,14.594689
5759930107,57599301,44854,7,22,"rail_leg","17:22",1042,-75.1648345113326,39.9541020155151,-75.3285784262649,39.9077335323186,42101,42045,"pm_peak",TRUE,23,30.937209
5759930202,57599302,44857,2,22,"rail_leg","7:10",430,-75.3285784262649,39.9077335323186,-75.1678754160498,39.9518178612404,42045,42101,"am_peak",TRUE,40,35.181887
5759930205,57599302,44858,5,22,"rail_leg","17:22",1042,-75.1648345113326,39.9541020155151,-75.3285784262649,39.9077335323186,42101,42045,"pm_peak",TRUE,23,30.937209
5765380103,57653801,44880,3,22,"rail_leg","16:45",1005,-75.3393886203709,40.0346462639254,-75.1742868895805,39.952935291834,42045,42101,"pm_peak",TRUE,30,45.663725
5864950102,58649501,45119,2,22,"rail_leg","8:25",505,-75.1325211942729,40.0941668713503,-75.1834073455283,39.9599979498596,42091,42101,"am_peak",TRUE,34,40.071384
6016700205,60167002,45555,5,22,"rail_leg","12:45",765,-75.1648345113326,39.9541020155151,-75.1685656145409,39.9486706858777,42101,42101,"off_peak",FALSE,20,9.573822
6036180104,60361801,45865,4,22,"rail_leg","9:00",540,-74.8976831541036,40.1863154165969,-75.1588750233838,39.9528401835985,42017,42101,"am_peak",TRUE,55,58.77095
6037250102,60372501,45888,2,22,"rail_leg","7:55",475,-75.1297691436794,40.0713922682092,-75.1691139313301,39.9535949564727,42091,42101,"am_peak",TRUE,25,34.26416
6037250104,60372501,45889,4,22,"rail_leg","17:50",1070,-75.1648345113326,39.9541020155151,-75.1297691436794,40.0713922682092,42101,42091,"pm_peak",TRUE,30,29.347294
6039800301,60398003,45968,1,22,"rail_leg","7:00",420,-75.142252558114,39.9534656191866,-75.1531176077862,40.0998645962702,42101,42091,"am_peak",TRUE,90,47.778109
6039800302,60398003,45969,2,22,"rail_leg","17:00",1020,-75.1531176077862,40.0998645962702,-75.142252558114,39.9534656191866,42091,42101,"pm_peak",TRUE,45,43.747012
6083360201,60833602,46552,1,22,"rail_leg","7:45",465,-75.5182227312107,40.0361776802347,-75.1941152941134,39.9546263068532,42029,42101,"am_peak",TRUE,70,53.02561
6083360202,60833602,46553,2,22,"rail_leg","17:30",1050,-75.1941152941134,39.9546263068532,-75.5182227312107,40.0361776802347,42101,42029,"pm_peak",TRUE,75,54.406957
6086660202,60866602,46615,2,22,"rail_leg","6:34",394,-75.1493508294534,40.1224003405441,-75.1588750233838,39.9528401835985,42091,42101,"am_peak",TRUE,26,31.735925
6086660204,60866602,46616,4,22,"rail_leg","15:55",955,-75.2300055470776,39.9884080077411,-75.2610376834135,40.1872915522603,42101,42091,"off_peak",FALSE,45,70.500674
6113870204,61138702,47041,4,22,"rail_leg","11:55",715,-75.2823535717739,40.2437347422191,-75.2613179666323,40.2626114627708,42091,42091,"off_peak",FALSE,5,11.116776
6113900201,61139002,47058,1,22,"rail_leg","7:30",450,-75.2463901267165,40.0011528366318,-75.3393886203709,40.0346462639254,42091,42045,"am_peak",TRUE,30,32.458275
6123020302,61230203,47253,2,22,"rail_leg","7:18",438,-75.2621066880574,40.0038368776237,-75.1608290378846,39.9512565309348,42091,42101,"am_peak",TRUE,25,30.358302
6123020304,61230203,47254,4,22,"rail_leg","16:16",976,-75.1588750233838,39.9528401835985,-75.2621066880574,40.0038368776237,42101,42091,"pm_peak",TRUE,22,27.979348
6158310201,61583102,47703,1,22,"rail_leg","9:40",580,-75.2810698001446,40.2355243961341,-75.2823535717739,40.2437347422191,42091,42091,"off_peak",FALSE,7,11.3
6158310202,61583102,47704,2,22,"rail_leg","15:05",905,-75.2823535717739,40.2437347422191,-75.2810698001446,40.2355243961341,42091,42091,"off_peak",FALSE,47,10.522271
6165450102,61654501,47852,2,22,"rail_leg","9:21",561,-75.6088161729411,40.0119718537478,-75.1834073455283,39.9599979498596,42029,42101,"am_peak",TRUE,49,75.363548
6165820105,61658201,47890,5,22,"rail_leg","16:20",980,-75.2755312957965,40.0062174693429,-75.1779217463161,39.9533873770951,42091,42101,"pm_peak",TRUE,30,27.383292
6165820107,61658201,47891,7,22,"rail_leg","22:35",1355,-75.1834073455283,39.9599979498596,-75.2755312957965,40.0062174693429,42101,42091,"off_peak",FALSE,25,21.938999
6174680101,61746801,47984,1,22,"rail_leg","10:55",655,-75.1983373842282,40.059754922547,-75.1560983260195,39.9553691545034,42101,42101,"off_peak",FALSE,63,52.105493
6174680105,61746801,47988,5,22,"rail_leg","17:15",1035,-75.1474545568906,39.9496085506464,-75.1983373842282,40.059754922547,42101,42101,"pm_peak",TRUE,73,49.587826
6175440202,61754402,48017,2,22,"rail_leg","7:24",444,-75.1325211942729,40.0941668713503,-75.1648345113326,39.9541020155151,42091,42101,"am_peak",TRUE,27,34.780763
6175750201,61757502,48035,1,22,"rail_leg","7:30",450,-75.367791359298,39.8785149779787,-75.1687160134156,39.9558364756335,42045,42101,"am_peak",TRUE,75,65.042295
6189830203,61898302,48263,3,22,"rail_leg","7:15",435,-75.2646195081271,40.0691085697051,-75.1588750233838,39.9528401835985,42091,42101,"am_peak",TRUE,21,42.2573
6189830208,61898302,48267,8,22,"rail_leg","16:40",1000,-75.1588750233838,39.9528401835985,-75.2646195081271,40.0691085697051,42101,42091,"pm_peak",TRUE,26,42.855614
6194760201,61947602,48414,1,22,"rail_leg","7:50",470,-75.3014852761322,40.0298307470534,-75.3014852761322,40.0298307470534,42091,42091,"am_peak",TRUE,970,17.16611
6221280101,62212801,48768,1,22,"rail_leg","7:00",420,-75.1840657845611,40.0625876496449,-75.1588750233838,39.9528401835985,42101,42101,"am_peak",TRUE,30,27.103521
6224850102,62248501,48824,2,22,"rail_leg","8:47",527,-75.1898142834651,40.0518717143354,-75.1779217463161,39.9533873770951,42101,42101,"am_peak",TRUE,NA,31.994802
6224850105,62248501,48825,5,22,"rail_leg","17:51",1071,-75.1648345113326,39.9541020155151,-75.1898142834651,40.0518717143354,42101,42101,"pm_peak",TRUE,NA,31.826894
6228560102,62285601,48872,2,22,"rail_leg","6:59",419,-75.7140748628777,40.0039525762867,-75.1840170635385,39.9534784074457,42029,42101,"am_peak",TRUE,47,58.985822
6228560105,62285601,48873,5,22,"rail_leg","17:13",1033,-75.1834073455283,39.9599979498596,-75.7140748628777,40.0039525762867,42101,42029,"pm_peak",TRUE,44,57.037813
6257530303,62575303,49291,3,22,"rail_leg","7:30",450,-75.4829079089365,40.0451966969818,-75.3170969015922,40.0208081125859,42029,42091,"am_peak",TRUE,25,25.828562
6257530306,62575303,49292,6,22,"rail_leg","15:32",932,-75.3130821241257,40.0233046462669,-75.6088161729411,40.0119718537478,42091,42029,"off_peak",FALSE,33,77.998013
6307190102,63071901,49952,2,22,"rail_leg","7:16",436,-74.957545923727,40.0684501210394,-75.1427276091799,39.9500099248171,42017,42101,"am_peak",TRUE,36,52.265589
6307190107,63071901,49955,7,22,"rail_leg","16:16",976,-75.1580149724927,39.9493530835764,-75.1580149724927,39.9493530835764,42101,42101,"pm_peak",TRUE,39,4.158333
6312540103,63125401,50052,3,22,"rail_leg","14:05",845,-75.3363995135418,40.0478797340604,-75.1446587384151,39.9502859178682,42091,42101,"off_peak",FALSE,130,59.395222
6319750201,63197502,50124,1,22,"rail_leg","7:20",440,-75.1903469668287,40.1562830811359,-75.1634052023169,39.9571451807186,42091,42101,"am_peak",TRUE,NA,107.20766
6319750202,63197502,50125,2,22,"rail_leg","16:30",990,-75.1634052023169,39.9571451807186,-75.1903469668287,40.1562830811359,42101,42091,"pm_peak",TRUE,49,100.468468
6339310104,63393101,50402,4,22,"rail_leg","14:00",840,-75.1531176077862,40.0998645962702,-75.1648345113326,39.9541020155151,42091,42101,"off_peak",FALSE,30,34.411213
6341280102,63412801,50438,2,22,"rail_leg","12:25",745,-75.0826616926931,40.0770283629367,-75.1669894744938,39.9484799410289,42101,42101,"off_peak",FALSE,30,51.238419
6341280107,63412801,50441,7,22,"rail_leg","15:25",925,-75.1648345113326,39.9541020155151,-75.1673759243643,39.9592890487195,42101,42101,"off_peak",FALSE,28,8.497998
6349860101,63498601,50599,1,22,"rail_leg","6:43",403,-75.1827055398227,40.0389450998406,-75.1873495829861,40.0339940755705,42101,42101,"am_peak",TRUE,37,12.26685
6359590102,63595901,50723,2,22,"rail_leg","7:18",438,-75.4245283894686,39.9086253629038,-75.1937934209145,39.951852697735,42045,42101,"am_peak",TRUE,22,71.664526
6359590104,63595901,50724,4,22,"rail_leg","18:35",1115,-75.0593151476913,40.0302346423682,-75.1937934209145,39.951852697735,42101,42101,"pm_peak",TRUE,NA,47.540091
6403140202,64031402,51374,2,22,"rail_leg","19:15",1155,-75.1568084005227,40.0959314583006,-75.1568084005227,40.0959314583006,42091,42091,"off_peak",FALSE,55,9.52182
6411900101,64119001,51443,1,22,"rail_leg","17:30",1050,-75.1638872349499,39.9525548857932,-75.3105990244411,39.9111895443266,42101,42045,"pm_peak",TRUE,70,38.398521
6414030202,64140302,51471,2,22,"rail_leg","6:30",390,-75.2610376834135,40.1872915522603,-75.1588750233838,39.9528401835985,42091,42101,"am_peak",TRUE,42,44.52201
6414030205,64140302,51473,5,22,"rail_leg","11:50",710,-75.150623776162,39.9499928305521,-75.150623776162,39.9499928305521,42101,42101,"off_peak",FALSE,42,3.924631
6433750203,64337502,51830,3,22,"rail_leg","18:16",1096,-74.8523645854997,40.0987028986407,-74.9452110255043,40.1208986646202,42017,42017,"pm_peak",TRUE,14,69.798567
6501560101,65015601,52809,1,22,"rail_leg","8:20",500,-75.1256172805438,40.0721167066709,-75.1541388337345,39.9522458625874,42091,42101,"am_peak",TRUE,40,31.623679
6501560102,65015601,52810,2,22,"rail_leg","19:30",1170,-75.1541388337345,39.9522458625874,-75.1256172805438,40.0721167066709,42101,42091,"off_peak",FALSE,30,26.4
6513570101,65135701,52937,1,22,"rail_leg","8:15",495,-75.2621066880574,40.0038368776237,-75.1427276091799,39.9500099248171,42091,42101,"am_peak",TRUE,52,36.311444
6515270101,65152701,52978,1,22,"rail_leg","6:00",360,-75.4004536142059,39.8980960293187,-75.1541388337345,39.9522458625874,42045,42101,"am_peak",TRUE,72,81.027926
6515270102,65152701,52979,2,22,"rail_leg","16:35",995,-75.1541388337345,39.9522458625874,-75.4004536142059,39.8980960293187,42101,42045,"pm_peak",TRUE,60,76.848023
6539400104,65394001,53375,4,22,"rail_leg","7:30",450,-75.2823535717739,40.2437347422191,-75.1588750233838,39.9528401835985,42091,42101,"am_peak",TRUE,55,56.053349
6539400107,65394001,53376,7,22,"rail_leg","16:49",1009,-75.1588750233838,39.9528401835985,-75.2823535717739,40.2437347422191,42101,42091,"pm_peak",TRUE,51,54.917755
6580550101,65805501,54042,1,22,"rail_leg","7:56",476,-74.881760525447,40.1424498598935,-75.1541388337345,39.9522458625874,42017,42101,"am_peak",TRUE,44,101.805925
6585800102,65858001,54213,2,22,"rail_leg","8:53",533,-75.2844606971503,39.9242462649883,-75.1928742171467,39.9459041130135,42045,42101,"am_peak",TRUE,14,24.000752
6585800105,65858001,54214,5,22,"rail_leg","17:15",1035,-75.1928742171467,39.9459041130135,-75.1928742171467,39.9459041130135,42101,42101,"pm_peak",TRUE,16,6.998705
6611090101,66110901,54556,1,22,"rail_leg","8:10",490,-75.2621066880574,40.0038368776237,-75.1840170635385,39.9534784074457,42091,42101,"am_peak",TRUE,30,26.099532
6611090104,66110901,54558,4,22,"rail_leg","19:51",1191,-75.1977262540913,39.9594259908695,-75.2755312957965,40.0062174693429,42101,42091,"off_peak",FALSE,12,36.175618
6675770102,66757701,55330,2,22,"rail_leg","6:53",413,-75.1962680244175,40.0724717157188,-75.1588750233838,39.9528401835985,42101,42101,"am_peak",TRUE,32,32.274782
6675770105,66757701,55331,5,22,"rail_leg","16:25",985,-75.1648345113326,39.9541020155151,-75.1962680244175,40.0724717157188,42101,42101,"pm_peak",TRUE,27,35.217062
6701750202,67017502,55699,2,22,"rail_leg","6:40",400,-74.9173100833299,40.1657748846181,-75.1588750233838,39.9528401835985,42017,42101,"am_peak",TRUE,60,64.052134
6701750205,67017502,55700,5,22,"rail_leg","16:55",1015,-75.1588750233838,39.9528401835985,-74.9173100833299,40.1657748846181,42101,42017,"pm_peak",TRUE,40,58.442217
6745010103,67450101,56300,3,14,"feeder_leg","8:00",480,-75.1648345113326,39.9541020155151,-75.1632627264191,39.9610182840982,42101,42101,"am_peak",TRUE,16,9.912763
6752060104,67520601,56429,4,14,"feeder_leg","18:20",1100,-75.2806454415887,40.2304601821381,-75.2328700667351,40.2335991500038,42091,42091,"pm_peak",TRUE,55,26.659649
6758480203,67584802,56525,3,22,"rail_leg","13:10",790,-75.2092309433524,40.0570919862362,-75.1608866949941,39.9837724999129,42101,42101,"off_peak",FALSE,50,48.810342
6758480204,67584802,56526,4,22,"rail_leg","18:00",1080,-75.1608866949941,39.9837724999129,-75.2092309433524,40.0570919862362,42101,42101,"pm_peak",TRUE,75,48.71221
6767900102,67679001,56640,2,22,"rail_leg","9:59",599,-75.20297810328,40.0663780780388,-75.1834073455283,39.9599979498596,42101,42101,"off_peak",FALSE,25,34.321153
6767900202,67679002,56642,2,22,"rail_leg","9:59",599,-75.20297810328,40.0663780780388,-75.1834073455283,39.9599979498596,42101,42101,"off_peak",FALSE,25,34.321153
6801200102,68012001,57052,2,22,"rail_leg","8:20",500,-75.1531176077862,40.0998645962702,-75.1480260525691,39.9820906148628,42091,42101,"am_peak",TRUE,20,24.225956
6801200104,68012001,57053,4,22,"rail_leg","17:30",1050,-75.1545851492175,39.9813757258968,-75.1531176077862,40.0998645962702,42101,42091,"pm_peak",TRUE,45,30.449782
6801200201,68012002,57055,1,22,"rail_leg","8:10",490,-75.1470888942105,40.1018399351912,-75.1480260525691,39.9820906148628,42091,42101,"am_peak",TRUE,30,29.598208
6801200202,68012002,57056,2,22,"rail_leg","15:30",930,-75.1480260525691,39.9820906148628,-75.1480260525691,39.9820906148628,42101,42101,"off_peak",FALSE,45,7.308481
6819100107,68191001,57262,7,22,"rail_leg","20:15",1215,-75.1928742171467,39.9459041130135,-75.1928742171467,39.9459041130135,42101,42101,"off_peak",FALSE,10,7.061755
6836580102,68365801,57462,2,22,"rail_leg","16:36",996,-75.214650332805,40.1349579453564,-75.1588750233838,39.9528401835985,42091,42101,"pm_peak",TRUE,NA,39.62973
6852380101,68523801,57695,1,22,"rail_leg","7:00",420,-75.4467598878094,40.0656220418655,-75.1834073455283,39.9599979498596,42029,42101,"am_peak",TRUE,60,67.611639
6852380102,68523801,57696,2,22,"rail_leg","18:00",1080,-75.1834073455283,39.9599979498596,-75.4467598878094,40.0656220418655,42101,42029,"pm_peak",TRUE,60,66.534005
6857720102,68577201,57808,2,22,"rail_leg","9:17",557,-75.7140748628777,40.0039525762867,-75.1834073455283,39.9599979498596,42029,42101,"am_peak",TRUE,58,55.43613
6857720104,68577201,57808,4,22,"rail_leg","11:41",701,-75.1957094473416,39.9494354858208,-75.4829079089365,40.0451966969818,42101,42029,"off_peak",FALSE,110,61.274082
6875310202,68753102,57943,2,22,"rail_leg","8:15",495,-75.1531176077862,40.0998645962702,-75.1634808483634,39.9480403151119,42091,42101,"am_peak",TRUE,35,41.293662
6875310204,68753102,57944,4,22,"rail_leg","17:28",1048,-75.1588750233838,39.9528401835985,-75.1470888942105,40.1018399351912,42101,42091,"pm_peak",TRUE,19,36.475526
6884110204,68841102,58028,4,22,"rail_leg","16:00",960,-75.1834073455283,39.9599979498596,-74.8185831765262,40.1380262186048,42101,42017,"pm_peak",TRUE,40,47.195471
6891060202,68910602,58114,2,22,"rail_leg","7:43",463,-75.1947508247048,40.0550864009275,-75.1834073455283,39.9599979498596,42101,42101,"am_peak",TRUE,27,33.908461
6891060209,68910602,58119,9,22,"rail_leg","16:22",982,-75.1834073455283,39.9599979498596,-75.1947508247048,40.0550864009275,42101,42101,"pm_peak",TRUE,26,33.477091
6894060101,68940601,58139,1,22,"rail_leg","11:45",705,-74.8075608346683,40.1381467300113,-75.1580149724927,39.9493530835764,42017,42101,"off_peak",FALSE,60,62.078286
6901710202,69017102,58260,2,22,"rail_leg","12:45",765,-75.3699826397027,39.9016921551522,-75.1928742171467,39.9459041130135,42045,42101,"off_peak",FALSE,30,35.766667
6907450102,69074501,58352,2,22,"rail_leg","7:01",421,-75.1962680244175,40.0724717157188,-75.1675355693758,39.9533981752196,42101,42101,"am_peak",TRUE,44,37.599865
6907450105,69074501,58353,5,22,"rail_leg","16:25",985,-75.1648345113326,39.9541020155151,-75.1962680244175,40.0724717157188,42101,42101,"pm_peak",TRUE,27,35.217062
6907450302,69074503,58364,2,22,"rail_leg","7:03",423,-75.1962680244175,40.0724717157188,-75.1648345113326,39.9541020155151,42101,42101,"am_peak",TRUE,42,37.539304
6907450304,69074503,58364,4,14,"feeder_leg","15:19",919,-75.1665214095376,39.9615526212186,-75.1669894744938,39.9484799410289,42101,42101,"off_peak",FALSE,21,15.003562
6907450306,69074503,58366,6,22,"rail_leg","16:25",985,-75.1648345113326,39.9541020155151,-75.1962680244175,40.0724717157188,42101,42101,"pm_peak",TRUE,27,35.217062
6910820202,69108202,58422,2,22,"rail_leg","9:04",544,-75.3967642023521,39.912580844843,-75.4107809447383,39.9415769413706,42045,42045,"am_peak",TRUE,21,40.065963
6947110103,69471101,58861,3,22,"rail_leg","6:56",416,-75.3979310507909,39.9479406215178,-75.1688920883156,39.9546117755859,42045,42101,"am_peak",TRUE,52,77.283789
6954690204,69546902,58961,4,22,"rail_leg","8:46",526,-75.1947508247048,40.0550864009275,-75.1834073455283,39.9599979498596,42101,42101,"am_peak",TRUE,24,33.908461
6954690205,69546902,58961,5,23,"feeder_leg","9:15",555,-75.1834073455283,39.9599979498596,-75.1965975232029,39.9477559566907,42101,42101,"am_peak",TRUE,5,16.523793
6954690207,69546902,58962,7,22,"rail_leg","18:52",1132,-75.1834073455283,39.9599979498596,-75.1947508247048,40.0550864009275,42101,42101,"pm_peak",TRUE,24,33.477091
6957850301,69578503,58997,1,22,"rail_leg","7:20",440,-75.1944243101308,40.0409483586041,-75.1612826317197,39.9532127364358,42101,42101,"am_peak",TRUE,90,34.876374
6957850302,69578503,58998,2,22,"rail_leg","16:00",960,-75.1612826317197,39.9532127364358,-75.1944243101308,40.0409483586041,42101,42101,"pm_peak",TRUE,60,35.063539
6975010102,69750101,59161,2,22,"rail_leg","7:00",420,-75.4829079089365,40.0451966969818,-75.1638872349499,39.9525548857932,42029,42101,"am_peak",TRUE,50,44.929181
6975010104,69750101,59162,4,22,"rail_leg","16:11",971,-75.1648345113326,39.9541020155151,-75.4829079089365,40.0451966969818,42101,42029,"pm_peak",TRUE,44,46.19259
6979160103,69791601,59190,3,22,"rail_leg","8:29",509,-75.1834073455283,39.9599979498596,-75.1675355693758,39.9533981752196,42101,42101,"am_peak",TRUE,5,11.860967
6979160106,69791601,59191,6,22,"rail_leg","17:20",1040,-75.1648345113326,39.9541020155151,-75.1834073455283,39.9599979498596,42101,42101,"pm_peak",TRUE,4,13.250399
6994350202,69943502,59400,2,22,"rail_leg","7:41",461,-75.3686666885444,40.0437004752317,-75.1834073455283,39.9599979498596,42045,42101,"am_peak",TRUE,39,30.438211
6994350205,69943502,59401,5,22,"rail_leg","17:17",1037,-75.1705068930163,39.9509065904554,-75.1705068930163,39.9509065904554,42101,42101,"pm_peak",TRUE,35,3.905556
7043820104,70438201,60018,4,22,"rail_leg","17:13",1033,-75.1834073455283,39.9599979498596,-75.6421532507658,40.0027021296687,42101,42029,"pm_peak",TRUE,42,67.334872
7082240102,70822401,60475,2,22,"rail_leg","5:02",302,-75.7140748628777,40.0039525762867,-75.1840170635385,39.9534784074457,42029,42101,"off_peak",FALSE,62,61.792453
7082240106,70822401,60477,6,22,"rail_leg","16:39",999,-75.1588750233838,39.9528401835985,-75.7140748628777,40.0039525762867,42101,42029,"pm_peak",TRUE,86,67.101232
7108500201,71085002,60864,1,22,"rail_leg","16:00",960,-75.2553953178008,39.8878418476806,-75.2404391377901,39.9919120806968,42101,42101,"pm_peak",TRUE,60,72.944618
7161730101,71617301,61513,1,22,"rail_leg","7:50",470,-75.1470888942105,40.1018399351912,-75.1517226930339,39.9485721389241,42091,42101,"am_peak",TRUE,45,46.502543
7161730102,71617301,61514,2,22,"rail_leg","16:55",1015,-75.1517226930339,39.9485721389241,-75.1470888942105,40.1018399351912,42101,42091,"pm_peak",TRUE,40,50.030924
7190730301,71907303,61985,1,22,"rail_leg","13:00",780,-74.9690074890698,40.0997091732993,-75.1659426772114,39.9531940428398,42101,42101,"off_peak",FALSE,NA,67.459096
7226600203,72266002,62420,3,22,"rail_leg","16:46",1006,-75.1648345113326,39.9541020155151,-75.214650332805,40.1349579453564,42101,42091,"pm_peak",TRUE,0,40.629544
7229350202,72293502,62468,2,22,"rail_leg","8:06",486,-75.3130821241257,40.0233046462669,-75.1648345113326,39.9541020155151,42091,42101,"am_peak",TRUE,24,30.524213
7229350205,72293502,62470,5,22,"rail_leg","19:15",1155,-75.1648345113326,39.9541020155151,-75.3490077338315,40.0452635767863,42101,42045,"off_peak",FALSE,30,37.462376
7235440101,72354401,62507,1,22,"rail_leg","5:45",345,-75.0448298513145,40.0439492220356,-75.1608290378846,39.9512565309348,42101,42101,"off_peak",FALSE,55,47.10863
7235440102,72354401,62508,2,22,"rail_leg","16:00",960,-75.1608290378846,39.9512565309348,-75.0448298513145,40.0439492220356,42101,42101,"pm_peak",TRUE,55,46.03887
7244310104,72443101,62594,4,22,"rail_leg","17:30",1050,-75.1834073455283,39.9599979498596,-75.4829079089365,40.0451966969818,42101,42029,"pm_peak",TRUE,25,41.745172
7269360102,72693601,62925,2,22,"rail_leg","6:15",375,-75.0970591119887,40.1962393455377,-75.1588750233838,39.9528401835985,42017,42101,"am_peak",TRUE,44,51.930585
7269360105,72693601,62926,5,22,"rail_leg","15:41",941,-75.1580149724927,39.9493530835764,-75.1580149724927,39.9493530835764,42101,42101,"off_peak",FALSE,44,4.158333
7287700102,72877001,63166,2,22,"rail_leg","10:25",625,-75.6421532507658,40.0027021296687,-75.1588750233838,39.9528401835985,42029,42101,"off_peak",FALSE,60,82.08799
7296440109,72964401,63296,9,22,"rail_leg","17:47",1067,-75.4245283894686,39.9086253629038,-75.1648345113326,39.9541020155151,42045,42101,"pm_peak",TRUE,38,65.560865
7296440110,72964401,63296,10,14,"feeder_leg","18:38",1118,-75.1648345113326,39.9541020155151,-75.2070232144824,39.990493481725,42101,42101,"pm_peak",TRUE,32,31.829861
7296440111,72964401,63296,11,14,"feeder_leg","22:55",1375,-75.2070232144824,39.990493481725,-75.1648345113326,39.9541020155151,42101,42101,"off_peak",FALSE,49,33.050632
7296440112,72964401,63297,12,22,"rail_leg","23:50",1430,-75.1648345113326,39.9541020155151,-75.4245283894686,39.9086253629038,42101,42045,"off_peak",FALSE,0,59.742459
7299090202,72990902,63325,2,22,"rail_leg","7:18",438,-74.957545923727,40.0684501210394,-75.1834073455283,39.9599979498596,42017,42101,"am_peak",TRUE,26,38.735579
7299090203,72990902,63325,3,22,"rail_leg","8:13",493,-75.1834073455283,39.9599979498596,-75.4146997575914,39.8197080832525,42101,42045,"am_peak",TRUE,32,40.400425
7299660202,72996602,63334,2,22,"rail_leg","7:59",479,-75.3285784262649,39.9077335323186,-75.1928742171467,39.9459041130135,42045,42101,"am_peak",TRUE,16,26.129684
7299660205,72996602,63335,5,22,"rail_leg","17:29",1049,-75.1941152941134,39.9546263068532,-75.1941152941134,39.9546263068532,42101,42101,"pm_peak",TRUE,16,5.618508
7310440102,73104401,63488,2,22,"rail_leg","8:15",495,-75.2844606971503,39.9242462649883,-75.1648345113326,39.9541020155151,42045,42101,"am_peak",TRUE,30,29.305703
7310440105,73104401,63489,5,22,"rail_leg","18:20",1100,-75.1648345113326,39.9541020155151,-75.2844606971503,39.9242462649883,42101,42045,"pm_peak",TRUE,20,24.444153
7364940102,73649401,64024,2,22,"rail_leg","6:13",373,-75.4829079089365,40.0451966969818,-75.1588750233838,39.9528401835985,42029,42101,"am_peak",TRUE,47,47.095751
7364940105,73649401,64025,5,22,"rail_leg","16:06",966,-75.1540803782248,39.9488624668665,-75.1537481432666,39.9503794767793,42101,42101,"pm_peak",TRUE,44,3.883333
7405870102,74058701,64425,2,22,"rail_leg","7:35",455,-75.1531176077862,40.0998645962702,-75.1588750233838,39.9528401835985,42091,42101,"am_peak",TRUE,27,30.091828
7405870106,74058701,64427,6,22,"rail_leg","18:22",1102,-75.1648345113326,39.9541020155151,-75.1638872349499,39.9525548857932,42101,42101,"pm_peak",TRUE,23,4.716667
7408990103,74089901,64449,3,22,"rail_leg","8:30",510,-74.8185831765262,40.1380262186048,-75.1688920883156,39.9546117755859,42017,42101,"am_peak",TRUE,0,54.219382
7480490101,74804901,65114,1,22,"rail_leg","8:00",480,-75.2134952610851,40.0930385375482,-75.1677276497158,39.9525760413027,42091,42101,"am_peak",TRUE,55,61.598196
7480490102,74804901,65115,2,22,"rail_leg","17:01",1021,-75.1677276497158,39.9525760413027,-75.2134952610851,40.0930385375482,42101,42091,"pm_peak",TRUE,64,56.201032
9021800102,90218001,65289,2,22,"rail_leg","7:08",428,-75.4233197162045,40.0419674851349,-75.1470807570054,39.9513767444736,42029,42101,"am_peak",TRUE,52,51.814384
9021800104,90218001,65290,4,22,"rail_leg","15:10",910,-75.1588750233838,39.9528401835985,-75.4233197162045,40.0419674851349,42101,42029,"off_peak",FALSE,37,46.200738
10002050101,100020501,65297,1,22,"rail_leg","6:23",383,-75.2089552381808,40.2894315326318,-75.1580149724927,39.9493530835764,42017,42101,"am_peak",TRUE,61,83.998245
10002050102,100020501,65298,2,22,"rail_leg","16:45",1005,-75.1580149724927,39.9493530835764,-75.2089552381808,40.2894315326318,42101,42017,"pm_peak",TRUE,75,74.731491
10163010102,101630101,66021,2,22,"rail_leg","15:54",954,-75.269943076881,39.9356820759347,-75.1588750233838,39.9528401835985,42045,42101,"off_peak",FALSE,27,33.285004
10231310102,102313101,66204,2,22,"rail_leg","7:48",468,-75.1648345113326,39.9541020155151,-75.274466211559,40.2111841677703,42101,42091,"am_peak",TRUE,48,58.23792
10297340102,102973401,66459,2,22,"rail_leg","7:05",425,-75.3967642023521,39.912580844843,-75.1847348588828,39.9565152107181,42045,42101,"am_peak",TRUE,31,37.076368
10297340105,102973401,66460,5,22,"rail_leg","17:09",1029,-75.1847348588828,39.9565152107181,-75.1847348588828,39.9565152107181,42101,42101,"pm_peak",TRUE,32,7.661414
10358740202,103587402,66612,2,22,"rail_leg","7:59",479,-75.3285784262649,39.9077335323186,-75.1648345113326,39.9541020155151,42045,42101,"am_peak",TRUE,24,31.685991
10358740205,103587402,66613,5,22,"rail_leg","14:51",891,-75.1648345113326,39.9541020155151,-75.3285784262649,39.9077335323186,42101,42045,"off_peak",FALSE,36,33.166667
10548670102,105486701,67155,2,22,"rail_leg","8:40",520,-75.0826616926931,40.0770283629367,-75.1648345113326,39.9541020155151,42101,42101,"am_peak",TRUE,0,39.079056
10548670105,105486701,67157,5,22,"rail_leg","18:19",1099,-75.1648345113326,39.9541020155151,-75.1147737014025,40.1051323921927,42101,42091,"pm_peak",TRUE,0,33.230875
10767710304,107677103,67852,4,22,"rail_leg","8:55",535,-75.1588750233838,39.9528401835985,-75.214650332805,40.1349579453564,42101,42091,"am_peak",TRUE,30,40.717582
10767710306,107677103,67852,6,14,"feeder_leg","9:27",567,-75.214650332805,40.1349579453564,-75.1889970534327,40.1395442243909,42091,42091,"am_peak",TRUE,3,19.477069
10767710309,107677103,67853,9,14,"feeder_leg","17:49",1069,-75.1889970534327,40.1395442243909,-75.214650332805,40.1349579453564,42091,42091,"pm_peak",TRUE,10,19.683333
10767710311,107677103,67853,11,22,"rail_leg","19:00",1140,-75.214650332805,40.1349579453564,-75.1834073455283,39.9599979498596,42091,42101,"off_peak",FALSE,12,49.168724
10855270201,108552702,68162,1,22,"rail_leg","7:04",424,-75.5545540103949,40.004757965586,-75.1608290378846,39.9512565309348,42029,42101,"am_peak",TRUE,51,NA
10957640101,109576401,68421,1,22,"rail_leg","7:10",430,-75.1774882627443,40.0265904743566,-75.202230610969,39.9458213862922,42101,42101,"am_peak",TRUE,45,36.641515
10957640102,109576401,68422,2,22,"rail_leg","16:00",960,-75.202230610969,39.9458213862922,-75.1774882627443,40.0265904743566,42101,42101,"pm_peak",TRUE,70,34.766218
11034830302,110348303,68755,2,22,"rail_leg","6:47",407,-75.0970591119887,40.1962393455377,-75.1648345113326,39.9541020155151,42017,42101,"am_peak",TRUE,51,58.276474
11065170302,110651703,68841,2,14,"feeder_leg","6:56",416,-75.2657692657726,39.9241817714539,-75.269943076881,39.9356820759347,42045,42045,"am_peak",TRUE,4,12.296367
11065170303,110651703,68841,3,22,"rail_leg","7:05",425,-75.269943076881,39.9356820759347,-75.1834073455283,39.9599979498596,42045,42101,"am_peak",TRUE,13,22.007047
11065170304,110651703,68841,4,22,"rail_leg","7:29",449,-75.1834073455283,39.9599979498596,-75.3854291498663,40.0396308610676,42101,42045,"am_peak",TRUE,32,47.344658
11144220102,111442201,69108,2,22,"rail_leg","6:55",415,-75.3460361638143,40.1143423687777,-75.1588750233838,39.9528401835985,42091,42101,"am_peak",TRUE,44,45.380331
11144220105,111442201,69109,5,22,"rail_leg","17:10",1030,-75.1588750233838,39.9528401835985,-75.1584725274299,39.950967187359,42101,42101,"pm_peak",TRUE,44,5.25
11146190201,111461902,69114,1,22,"rail_leg","17:10",1030,-75.3010847747829,39.8935220159703,-75.1701604201666,39.9562259742499,42045,42101,"pm_peak",TRUE,NA,34.111179
11196660402,111966604,69270,2,22,"rail_leg","17:00",1020,-75.1545851492175,39.9813757258968,-75.0899078827828,40.1754087918635,42101,42091,"pm_peak",TRUE,50,58.299228
11385120101,113851201,69857,1,22,"rail_leg","7:00",420,-75.3105990244411,39.9111895443266,-75.1928742171467,39.9459041130135,42045,42101,"am_peak",TRUE,30,31.896006
11385120102,113851201,69858,2,22,"rail_leg","16:30",990,-75.1928742171467,39.9459041130135,-75.3105990244411,39.9111895443266,42101,42045,"pm_peak",TRUE,30,32.053478
11430690102,114306901,69934,2,22,"rail_leg","7:42",462,-75.3490077338315,40.0452635767863,-75.1691139313301,39.9535949564727,42045,42101,"am_peak",TRUE,33,34.414253
11430690202,114306902,69939,2,22,"rail_leg","7:42",462,-75.3490077338315,40.0452635767863,-75.1648345113326,39.9541020155151,42045,42101,"am_peak",TRUE,23,32.765745
11470540102,114705401,70094,2,22,"rail_leg","7:59",479,-75.2341467351472,39.9457946759268,-75.1957094473416,39.9494354858208,42101,42101,"am_peak",TRUE,18,22.051421
11472070101,114720701,70100,1,22,"rail_leg","5:10",310,-75.0883325400662,40.3122285530705,-75.1692942790448,39.9527602328087,42017,42101,"off_peak",FALSE,79,NA
11472070102,114720701,70101,2,22,"rail_leg","16:35",995,-75.1692942790448,39.9527602328087,-75.0883325400662,40.3122285530705,42101,42017,"pm_peak",TRUE,85,NA
11567710108,115677101,70341,8,22,"rail_leg","18:28",1108,-75.1944243101308,40.0409483586041,-75.1638872349499,39.9525548857932,42101,42101,"pm_peak",TRUE,0,34.323242
11567710201,115677102,70344,1,22,"rail_leg","7:45",465,-75.1827055398227,40.0389450998406,-75.1517226930339,39.9485721389241,42101,42101,"am_peak",TRUE,75,41.096665
11567710202,115677102,70345,2,22,"rail_leg","16:00",960,-75.1517226930339,39.9485721389241,-75.1827055398227,40.0389450998406,42101,42101,"pm_peak",TRUE,60,39.335485
11614380204,116143802,70454,4,22,"rail_leg","18:30",1110,-75.6421532507658,40.0027021296687,-75.6421532507658,40.0027021296687,42029,42029,"pm_peak",TRUE,35,20.09035
11738310302,117383103,70749,2,22,"rail_leg","7:57",477,-75.4245283894686,39.9086253629038,-75.4245283894686,39.9086253629038,42045,42045,"am_peak",TRUE,0,8.62469
11738310305,117383103,70751,5,22,"rail_leg","15:17",917,-75.1648345113326,39.9541020155151,-75.4245283894686,39.9086253629038,42101,42045,"off_peak",FALSE,43,64.423517
11787050201,117870502,70921,1,22,"rail_leg","7:30",450,-75.0722007215537,40.1814590893573,-75.1662257986882,39.9519342771783,42017,42101,"am_peak",TRUE,78,92.092935
11904960102,119049601,71362,2,22,"rail_leg","7:38",458,-75.7773113001476,39.9924677984963,-75.4829079089365,40.0451966969818,42029,42029,"am_peak",TRUE,26,46.330763
11904960104,119049601,71362,4,22,"rail_leg","16:50",1010,-75.5104228441983,40.0610199007386,-75.754099919673,40.0037026154246,42029,42029,"pm_peak",TRUE,20,79.384285
11972470101,119724701,71533,1,22,"rail_leg","8:30",510,-75.0934334304665,40.2120992101032,-75.1840170635385,39.9534784074457,42017,42101,"am_peak",TRUE,75,92.041671
11972470102,119724701,71534,2,22,"rail_leg","15:30",930,-75.1840170635385,39.9534784074457,-75.0934334304665,40.2120992101032,42101,42017,"off_peak",FALSE,30,92.665079
12046720204,120467202,71885,4,22,"rail_leg","13:00",780,-75.2755312957965,40.0062174693429,-75.1648345113326,39.9541020155151,42091,42101,"off_peak",FALSE,20,35.24377
12046720207,120467202,71887,7,22,"rail_leg","18:14",1094,-75.1648345113326,39.9541020155151,-75.2755312957965,40.0062174693429,42101,42091,"pm_peak",TRUE,21,25.004584
12091100101,120911001,71990,1,22,"rail_leg","8:00",480,-75.2344133789046,40.0088074073246,-75.1672929773502,39.9544153783527,42091,42101,"am_peak",TRUE,50,24.942049
12105620303,121056203,72052,3,22,"rail_leg","8:45",525,-75.1834073455283,39.9599979498596,-75.175919233186,40.0332814777088,42101,42101,"am_peak",TRUE,30,32.907784
12105620304,121056203,72052,4,22,"rail_leg","12:00",720,-75.175919233186,40.0332814777088,-75.1588750233838,39.9528401835985,42101,42101,"off_peak",FALSE,75,37.010862
12140340302,121403403,72323,2,22,"rail_leg","7:40",460,-75.2823535717739,40.2437347422191,-75.1834073455283,39.9599979498596,42091,42101,"am_peak",TRUE,6,66.727888
12140340305,121403403,72324,5,22,"rail_leg","18:24",1104,-75.1612826317197,39.9532127364358,-75.1612826317197,39.9532127364358,42101,42101,"pm_peak",TRUE,54,4.127778
12501440104,125014401,73289,4,22,"rail_leg","14:12",852,-74.970687244567,40.1423429432466,-75.1480260525691,39.9820906148628,42017,42101,"off_peak",FALSE,37,43.383333
12501440107,125014401,73290,7,22,"rail_leg","17:35",1055,-75.1480260525691,39.9820906148628,-74.970687244567,40.1423429432466,42101,42017,"pm_peak",TRUE,40,42.28152
12501440202,125014402,73293,2,22,"rail_leg","7:18",438,-74.970687244567,40.1423429432466,-75.1480260525691,39.9820906148628,42017,42101,"am_peak",TRUE,30,42.326247
12501440205,125014402,73294,5,22,"rail_leg","17:35",1055,-75.1480260525691,39.9820906148628,-74.970687244567,40.1423429432466,42101,42017,"pm_peak",TRUE,40,42.28152
12501730101,125017301,73296,1,22,"rail_leg","11:30",690,-75.2265470108874,40.1161439705539,-75.1701604201666,39.9562259742499,42091,42101,"off_peak",FALSE,15,76.417918
12501730103,125017301,73298,3,22,"rail_leg","16:00",960,-75.1691139313301,39.9535949564727,-75.2265470108874,40.1161439705539,42101,42091,"pm_peak",TRUE,45,59.588078
12545730101,125457301,73384,1,22,"rail_leg","7:50",470,-75.112010204855,40.0551558806353,-75.1834073455283,39.9599979498596,42091,42101,"am_peak",TRUE,44,48.092738
12545730102,125457301,73385,2,22,"rail_leg","16:35",995,-75.1834073455283,39.9599979498596,-75.1372598172641,40.0681528620105,42101,42091,"pm_peak",TRUE,45,46.271473
12614390101,126143901,73535,1,22,"rail_leg","7:40",460,-75.2398193832228,39.9150309622319,-75.1675355693758,39.9533981752196,42101,42101,"am_peak",TRUE,62,35.49568
12614390102,126143901,73536,2,22,"rail_leg","16:53",1013,-75.1675355693758,39.9533981752196,-75.2398193832228,39.9150309622319,42101,42101,"pm_peak",TRUE,37,33.82534
12783680101,127836801,73973,1,22,"rail_leg","11:00",660,-75.1774882627443,40.0265904743566,-75.1847348588828,39.9565152107181,42101,42101,"off_peak",FALSE,24,19.616667
12783680102,127836801,73974,2,22,"rail_leg","11:34",694,-75.1847348588828,39.9565152107181,-75.2318795104928,39.8804695206274,42101,42101,"off_peak",FALSE,15,26.366667
12783680104,127836801,73974,4,22,"rail_leg","13:20",800,-75.2632929428866,39.8756040646847,-75.1583891414117,40.0192666370153,42045,42101,"off_peak",FALSE,1,69.201116
13172830102,131728301,74758,2,22,"rail_leg","6:24",384,-75.274466211559,40.2111841677703,-75.1392078148453,39.9466654688148,42091,42101,"am_peak",TRUE,49,63.162055
13172830105,131728301,74759,5,22,"rail_leg","15:55",955,-75.1588750233838,39.9528401835985,-75.274466211559,40.2111841677703,42101,42091,"off_peak",FALSE,45,46.89438
13277340102,132773401,75013,2,22,"rail_leg","6:43",403,-74.9853265543148,40.0477525065309,-75.1648345113326,39.9541020155151,42101,42101,"am_peak",TRUE,28,36.462687
13277340108,132773401,75018,8,22,"rail_leg","18:15",1095,-75.1588750233838,39.9528401835985,-74.9853265543148,40.0477525065309,42101,42101,"pm_peak",TRUE,30,38.848917
13308540102,133085401,75152,2,22,"rail_leg","8:06",486,-75.4630660144789,40.0474160739304,-75.1588750233838,39.9528401835985,42029,42101,"am_peak",TRUE,38,50.020951
13543270102,135432701,75646,2,22,"rail_leg","7:59",479,-75.2341467351472,39.9457946759268,-75.1588750233838,39.9528401835985,42101,42101,"am_peak",TRUE,22,32.222629
13543270107,135432701,75651,7,22,"rail_leg","17:22",1042,-75.1588750233838,39.9528401835985,-75.2341467351472,39.9457946759268,42101,42101,"pm_peak",TRUE,23,31.780559
13594110101,135941101,75816,1,22,"rail_leg","5:40",340,-74.9969985810132,40.2042357012831,-75.1840170635385,39.9534784074457,42017,42101,"off_peak",FALSE,NA,NA
13629790103,136297901,75918,3,22,"rail_leg","13:00",780,-75.1647675352254,39.9513827603519,-75.2318795104928,39.8804695206274,42101,42101,"off_peak",FALSE,30,36.199896
13765230201,137652302,76200,1,22,"rail_leg","11:00",660,-75.2089552381808,40.2894315326318,-75.1346109509137,40.3071295327499,42017,42017,"off_peak",FALSE,59,27.333333
13765230202,137652302,76201,2,22,"rail_leg","14:00",840,-75.1346109509137,40.3071295327499,-75.2089552381808,40.2894315326318,42017,42017,"off_peak",FALSE,60,25.333333
13771870101,137718701,76262,1,22,"rail_leg","11:15",675,-75.2354698649569,39.9579979858569,-75.2354698649569,39.9579979858569,42101,42101,"off_peak",FALSE,135,7.151229
13900780102,139007801,76574,2,22,"rail_leg","9:15",555,-75.3460361638143,40.1143423687777,-75.1834073455283,39.9599979498596,42091,42101,"am_peak",TRUE,47,50.851946
14033150102,140331501,76866,2,22,"rail_leg","7:49",469,-75.3170969015922,40.0208081125859,-75.1648345113326,39.9541020155151,42091,42101,"am_peak",TRUE,21,27.304952
14033150107,140331501,76871,7,22,"rail_leg","17:15",1035,-75.1648345113326,39.9541020155151,-75.3170969015922,40.0208081125859,42101,42091,"pm_peak",TRUE,27,28.619029
14198050102,141980501,77205,2,22,"rail_leg","6:41",401,-74.8976831541036,40.1863154165969,-75.1648345113326,39.9541020155151,42017,42101,"am_peak",TRUE,49,64.126648
14198050104,141980501,77206,4,22,"rail_leg","16:47",1007,-75.1648345113326,39.9541020155151,-74.8976831541036,40.1863154165969,42101,42017,"pm_peak",TRUE,53,61.302311
14587770202,145877702,77857,2,22,"rail_leg","7:02",422,-75.269943076881,39.9356820759347,-75.1392788470332,40.0429484652339,42045,42101,"am_peak",TRUE,40,53.504653
14587770203,145877702,77857,3,22,"rail_leg","7:49",469,-75.1392788470332,40.0429484652339,-75.1471644147674,40.0425358392666,42101,42101,"am_peak",TRUE,13,9.182213
14587770205,145877702,77858,5,22,"rail_leg","15:58",958,-75.1471644147674,40.0425358392666,-75.1480260525691,39.9820906148628,42101,42101,"off_peak",FALSE,11,33.507331
14587770206,145877702,77859,6,22,"rail_leg","16:25",985,-75.1480260525691,39.9820906148628,-75.1471644147674,40.0425358392666,42101,42101,"pm_peak",TRUE,25,34.150613
14729440201,147294402,78215,1,22,"rail_leg","7:10",430,-75.2784887557887,39.9397339356879,-75.1957094473416,39.9494354858208,42045,42101,"am_peak",TRUE,30,34.214502
14729440202,147294402,78216,2,22,"rail_leg","16:30",990,-75.1957094473416,39.9494354858208,-75.2784887557887,39.9397339356879,42101,42045,"pm_peak",TRUE,30,29.076944
14887230101,148872301,78633,1,22,"rail_leg","7:10",430,-75.269943076881,39.9356820759347,-75.1677276497158,39.9525760413027,42045,42101,"am_peak",TRUE,40,26.931869
14887230105,148872301,78637,5,22,"rail_leg","19:05",1145,-75.1648345113326,39.9541020155151,-75.269943076881,39.9356820759347,42101,42045,"off_peak",FALSE,35,21.166667
14902100103,149021001,78666,3,22,"rail_leg","15:20",920,-75.1941152941134,39.9546263068532,-75.1562910038297,39.9768159139408,42101,42101,"off_peak",FALSE,40,25.396784
16699930301,166999303,78872,1,22,"rail_leg","7:15",435,-75.0778044811142,40.0783798762855,-75.1712542041449,40.055999502503,42101,42101,"am_peak",TRUE,75,60.049459
16723110102,167231101,78926,2,22,"rail_leg","15:30",930,-75.1588750233838,39.9528401835985,-75.1944243101308,40.0409483586041,42101,42101,"off_peak",FALSE,45,34.294573
17068450101,170684501,79333,1,22,"rail_leg","7:00",420,-75.0496128532966,40.0354238877738,-75.1634808483634,39.9480403151119,42101,42101,"am_peak",TRUE,75,47.086422
